# CRM chr1	248956422
# CRM chr2	242193529
# CRM chr3	198295559
# CRM chr4	190214555
# CRM chr5	181538259
# CRM chr6	170805979
# CRM chr7	159345973
# CRM chr8	145138636
# CRM chr9	138394717
# CRM chr10	133797422
# CRM chr11	135086622
# CRM chr12	133275309
# CRM chr13	114364328
# CRM chr14	107043718
# CRM chr15	101991189
# CRM chr16	90338345
# CRM chr17	83257441
# CRM chr18	80373285
# CRM chr19	58617616
# CRM chr20	64444167
# CRM chr21	46709983
# CRM chr22	50818468
# CRM chrX	156040895
# CRM chrY	57227415
# CRM chrM	16569
# CRM mmtv_luciferase	3183
HWI-7001432L:213:C9FT8ANXX:1:1101:2629:2084#1/3	chr1	2892212	1	76	2892212	2892358	chr3	4202095	1	20	4201922	4202111
HWI-7001432L:213:C9FT8ANXX:1:1101:2629:2084~2~#3/3	chr1	2892361	0	56	2892358	2892372	chr3	4202095	1	20	4201922	4202111
HWI-7001432L:213:C9FT8ANXX:1:1101:8144:2073	chr1	6377139	1	76	6376521	6377312	chr3	41233494	0	76	41233373	41233952
HWI-7001432L:213:C9FT8ANXX:1:1101:7960:2083	chr1	12173460	1	76	12173104	12173561	chr8	83976768	1	76	83976623	83976852
HWI-7001432L:213:C9FT8ANXX:1:1101:8703:2125	chr1	20336878	1	76	20336696	20337095	chr9	121084130	1	61	121083452	121084187
HWI-7001432L:213:C9FT8ANXX:1:1101:11890:2209	chr1	20734189	1	76	20733660	20734288	chr19	48374688	0	76	48374489	48375264
HWI-7001432L:213:C9FT8ANXX:1:1101:14516:2189	chr1	22293356	0	76	22293242	22293928	chr4	2548214	0	76	2548135	2548520
HWI-7001432L:213:C9FT8ANXX:1:1101:2601:2147	chr1	23042709	1	76	23042690	23042812	chr1	174900219	1	70	174899589	174900285
HWI-7001432L:213:C9FT8ANXX:1:1101:8894:2016	chr1	23722005	0	76	23721559	23722033	chr5	143274249	1	76	143273763	143274419
HWI-7001432L:213:C9FT8ANXX:1:1101:16446:2202	chr1	40792179	0	76	40792061	40792463	chr1	40986336	1	76	40985983	40986532
HWI-7001432L:213:C9FT8ANXX:1:1101:7552:2052	chr1	42587507	0	76	42587373	42587976	chr1	42726864	0	64	42726801	42727626
HWI-7001432L:213:C9FT8ANXX:1:1101:11550:2081	chr1	50191334	0	76	50191242	50191601	chr1	216840284	0	76	216840191	216840419
HWI-7001432L:213:C9FT8ANXX:1:1101:9320:1963#1/3	chr1	51287855	1	75	51287841	51288182	chr1	51335564	0	53	51335512	51336237
HWI-7001432L:213:C9FT8ANXX:1:1101:9320:1963~2~#3/3	chr1	51288185	0	23	51288182	51288922	chr1	51335564	0	53	51335512	51336237
HWI-7001432L:213:C9FT8ANXX:1:1101:9986:1949	chr1	52839529	0	75	52839457	52839728	chr1	53186636	0	76	53186490	53186897
HWI-7001432L:213:C9FT8ANXX:1:1101:4888:1951	chr1	56989177	0	20	56989158	56989337	chr1	68663937	0	76	68663769	68665087
HWI-7001432L:213:C9FT8ANXX:1:1101:2851:2239	chr1	70246355	0	76	70246214	70246362	chr1	70255437	1	76	70255263	70255535
HWI-7001432L:213:C9FT8ANXX:1:1101:20293:1975#2/3	chr1	74161783	1	58	74161173	74161837	chr1	74378715	1	76	74377874	74378920
HWI-7001432L:213:C9FT8ANXX:1:1101:20293:1975#1/3	chr1	74161783	1	58	74161173	74161837	chr1	74378923	0	17	74378920	74380528
HWI-7001432L:213:C9FT8ANXX:1:1101:19568:1969	chr1	75634908	0	75	75634815	75635263	chr3	118008905	0	76	118008780	118009257
HWI-7001432L:213:C9FT8ANXX:1:1101:5570:1937	chr1	78896141	1	75	78896093	78896253	chr1	78897626	1	76	78897272	78897740
HWI-7001432L:213:C9FT8ANXX:1:1101:2704:2148	chr1	86714761	1	76	86714564	86714871	chr1	87804771	0	76	87804693	87804866
HWI-7001432L:213:C9FT8ANXX:1:1101:9685:2216	chr1	87579281	1	76	87578999	87579534	chr1	87637762	0	76	87637621	87638180
HWI-7001432L:213:C9FT8ANXX:1:1101:12004:2108	chr1	95017246	0	76	95017090	95017449	chr1	114535172	0	76	114535027	114535282
HWI-7001432L:213:C9FT8ANXX:1:1101:20876:1918	chr1	96215698	1	70	96215470	96215765	chr1	98403052	0	34	98403015	98404122
HWI-7001432L:213:C9FT8ANXX:1:1101:11950:2155	chr1	100084876	1	76	100084296	100085007	chr17	37722913	1	76	37722348	37723116
HWI-7001432L:213:C9FT8ANXX:1:1101:20759:1967	chr1	104065685	0	67	104065619	104066142	chr1	104287609	0	75	104287476	104287888
HWI-7001432L:213:C9FT8ANXX:1:1101:6177:2244	chr1	105116505	0	76	105116364	105117494	chr1	106093854	0	40	106093815	106094503
HWI-7001432L:213:C9FT8ANXX:1:1101:10149:2245	chr1	117615778	1	76	117615470	117615975	chr3	170740580	1	76	170740402	170740814
HWI-7001432L:213:C9FT8ANXX:1:1101:15322:2212#1/6	chr1	118139913	1	48	118139440	118139957	chr1	182650719	1	49	182650148	182650764
HWI-7001432L:213:C9FT8ANXX:1:1101:15322:2212#5/6	chr1	118139913	1	48	118139440	118139957	chr1	182650767	0	28	182650764	182651498
HWI-7001432L:213:C9FT8ANXX:1:1101:15322:2212~2~#2/6	chr1	118139960	0	27	118139957	118140620	chr1	182650719	1	49	182650148	182650764
HWI-7001432L:213:C9FT8ANXX:1:1101:15322:2212~2~#6/6	chr1	118139960	0	27	118139957	118140620	chr1	182650767	0	28	182650764	182651498
HWI-7001432L:213:C9FT8ANXX:1:1101:14712:2211	chr1	143765834	1	76	143765126	143766009	chr1	157963035	1	76	157962721	157963149
HWI-7001432L:213:C9FT8ANXX:1:1101:8131:2223	chr1	151934170	1	76	151933939	151934358	chr3	184368127	0	76	184368048	184368631
HWI-7001432L:213:C9FT8ANXX:1:1101:1419:2142	chr1	153910596	0	76	153910516	153911511	chr10	72952039	1	76	72951811	72952141
HWI-7001432L:213:C9FT8ANXX:1:1101:4430:2032	chr1	156522522	1	76	156522451	156522899	chr1	173478616	0	76	173478461	173478952
HWI-7001432L:213:C9FT8ANXX:1:1101:5956:2041	chr1	159348448	1	76	159347559	159348617	chr1	166593872	1	76	166593500	166593980
HWI-7001432L:213:C9FT8ANXX:1:1101:17731:1931#2/3	chr1	162563941	1	32	162563728	162563969	chr3	177976537	1	75	177975814	177976838
HWI-7001432L:213:C9FT8ANXX:1:1101:17731:1931#3/3	chr1	162563941	1	32	162563728	162563969	chr3	177976841	0	44	177976838	177977149
HWI-7001432L:213:C9FT8ANXX:1:1101:16641:2239#2/3	chr1	168089272	0	39	168089234	168089331	chr11	56275290	1	76	56274524	56275663
HWI-7001432L:213:C9FT8ANXX:1:1101:16641:2239#1/3	chr1	168089272	0	39	168089234	168089331	chr11	56275666	0	37	56275663	56275818
HWI-7001432L:213:C9FT8ANXX:1:1101:9487:1932	chr1	169629101	1	76	169628700	169629203	chr1	194598756	1	75	194598116	194598893
HWI-7001432L:213:C9FT8ANXX:1:1101:15302:2137	chr1	171972875	0	76	171972800	171973697	chr3	13041766	0	76	13041588	13041802
HWI-7001432L:213:C9FT8ANXX:1:1101:7613:2043	chr1	172413637	0	76	172413465	172413744	chr5	93816774	1	76	93816680	93816881
HWI-7001432L:213:C9FT8ANXX:1:1101:3210:2199	chr1	174760511	1	76	174760502	174760703	chr1	175730140	0	76	175730008	175730446
HWI-7001432L:213:C9FT8ANXX:1:1101:1307:2167	chr1	177038767	1	76	177038767	177038859	chr3	89919134	0	76	89919015	89919823
HWI-7001432L:213:C9FT8ANXX:1:1101:1230:2077	chr1	182459659	0	76	182459656	182459765	chr7	74530820	1	76	74530527	74530980
HWI-7001432L:213:C9FT8ANXX:1:1101:3248:2180	chr1	182663513	1	76	182663457	182663592	chr1	182672574	1	76	182672251	182672756
HWI-7001432L:213:C9FT8ANXX:1:1101:15003:1988	chr1	188926648	1	76	188925171	188926870	chr1	189113040	0	62	189112979	189114196
HWI-7001432L:213:C9FT8ANXX:1:1101:19651:1989	chr1	197377725	1	76	197377647	197377829	chr1	200980359	1	75	200980358	200980441
HWI-7001432L:213:C9FT8ANXX:1:1101:7852:2184#2/3	chr1	199065186	0	56	199065131	199065327	chr1	199393334	1	76	199392785	199393590
HWI-7001432L:213:C9FT8ANXX:1:1101:7852:2184#1/3	chr1	199065186	0	56	199065131	199065327	chr1	199393593	0	20	199393590	199393972
HWI-7001432L:213:C9FT8ANXX:1:1101:12265:1923#2/3	chr1	200102769	1	75	200101689	200102854	chr1	231473321	1	43	231472802	231473360
HWI-7001432L:213:C9FT8ANXX:1:1101:12265:1923~2~#3/3	chr1	200102857	0	33	200102854	200103358	chr1	231473321	1	43	231472802	231473360
HWI-7001432L:213:C9FT8ANXX:1:1101:5484:2188	chr1	201346165	0	76	201346162	201346169	chr1	208439489	0	76	208439324	208439930
HWI-7001432L:213:C9FT8ANXX:1:1101:11220:1930#2/3	chr1	202212335	0	75	202212208	202212695	chr10	77180409	1	35	77180409	77180901
HWI-7001432L:213:C9FT8ANXX:1:1101:11220:1930#1/3	chr1	202212335	0	75	202212208	202212695	chr10	77407223	1	41	77406763	77407260
HWI-7001432L:213:C9FT8ANXX:1:1101:9336:1992	chr1	207126042	0	52	207125991	207127014	chr13	73804127	0	76	73804055	73804549
HWI-7001432L:213:C9FT8ANXX:1:1101:2165:2235	chr1	213493412	0	76	213493409	213494331	chr17	76895961	0	76	76895881	76896167
HWI-7001432L:213:C9FT8ANXX:1:1101:14017:2030	chr1	214072119	1	76	214071874	214072338	chr15	42755703	0	76	42755563	42755972
HWI-7001432L:213:C9FT8ANXX:1:1101:9886:2181	chr1	214877821	0	76	214877687	214877950	chr1	214887318	1	76	214886499	214887393
HWI-7001432L:213:C9FT8ANXX:1:1101:11372:1922#3/3	chr1	216943670	1	75	216943415	216943789	chr1	219077674	1	50	219077603	219077720
HWI-7001432L:213:C9FT8ANXX:1:1101:11372:1922~2~#2/3	chr1	216944164	0	26	216944161	216944306	chr1	219077674	1	50	219077603	219077720
HWI-7001432L:213:C9FT8ANXX:1:1101:4697:1967	chr1	220677194	0	76	220677095	220678490	chr1	220770573	0	41	220770570	220771075
HWI-7001432L:213:C9FT8ANXX:1:1101:2420:1949	chr1	220832995	1	20	220832811	220833012	chr1	220837701	0	76	220837536	220838188
HWI-7001432L:213:C9FT8ANXX:1:1101:11183:2052	chr1	222980338	1	76	222980046	222980558	chr1	222982690	1	76	222982688	222982778
HWI-7001432L:213:C9FT8ANXX:1:1101:7317:2177	chr1	229021268	1	76	229020268	229021499	chr1	229238040	0	76	229237908	229238204
HWI-7001432L:213:C9FT8ANXX:1:1101:6506:2135#2/3	chr1	230047619	1	76	230047345	230047771	chr5	102076010	0	28	102075979	102076233
HWI-7001432L:213:C9FT8ANXX:1:1101:6506:2135~2~#3/3	chr1	230047930	0	40	230047771	230047933	chr5	102076010	0	28	102075979	102076233
HWI-7001432L:213:C9FT8ANXX:1:1101:10920:2250	chr1	233539222	0	76	233539048	233539540	chr3	175602859	0	76	175602621	175603209
HWI-7001432L:213:C9FT8ANXX:1:1101:9890:2030	chr1	235955809	1	68	235955735	235955873	chr14	33879153	0	76	33879057	33880016
HWI-7001432L:213:C9FT8ANXX:1:1101:16830:2169	chr1	236733385	0	50	236733336	236733413	chr1	236834135	1	76	236833660	236834243
HWI-7001432L:213:C9FT8ANXX:1:1101:16321:2086	chr1	240579324	1	37	240578735	240579357	chr1	245094388	0	76	245094097	245095394
HWI-7001432L:213:C9FT8ANXX:1:1101:17625:1922	chr2	7235892	0	28	7235865	7236123	chr2	49898773	0	76	49898674	49899035
HWI-7001432L:213:C9FT8ANXX:1:1101:5566:2038	chr2	7717650	0	76	7717647	7717697	chr2	7899901	1	76	7899597	7899990
HWI-7001432L:213:C9FT8ANXX:1:1101:8096:2151	chr2	10444154	0	76	10444064	10445874	chr6	19801549	1	59	19801500	19801563
HWI-7001432L:213:C9FT8ANXX:1:1101:1839:2182	chr2	10848062	0	76	10847887	10848619	chr2	67819956	0	76	67819953	67821018
HWI-7001432L:213:C9FT8ANXX:1:1101:8730:2198#1/3	chr2	10929586	1	76	10929135	10929770	chr2	10936024	1	57	10935210	10936077
HWI-7001432L:213:C9FT8ANXX:1:1101:8730:2198~2~#2/3	chr2	10929773	0	19	10929770	10930500	chr2	10936024	1	57	10935210	10936077
HWI-7001432L:213:C9FT8ANXX:1:1101:5443:2103	chr2	14552835	0	76	14552723	14553578	chr2	14726669	0	76	14726575	14727131
HWI-7001432L:213:C9FT8ANXX:1:1101:6949:2083	chr2	18043609	0	76	18043459	18044113	chr2	18046071	1	34	18045504	18046101
HWI-7001432L:213:C9FT8ANXX:1:1101:4537:2194	chr2	21406982	1	76	21406930	21407307	chr3	150073943	1	76	150073561	150074095
HWI-7001432L:213:C9FT8ANXX:1:1101:16660:2153	chr2	25510694	0	76	25510571	25510746	chr2	37955926	1	76	37955642	37955992
HWI-7001432L:213:C9FT8ANXX:1:1101:1570:1963	chr2	30243497	0	40	30243458	30243594	chr2	30246344	0	76	30246197	30246925
HWI-7001432L:213:C9FT8ANXX:1:1101:13275:2041	chr2	30669272	0	76	30669123	30669697	chr9	115047454	1	76	115047450	115047564
HWI-7001432L:213:C9FT8ANXX:1:1101:11276:2052	chr2	31115227	0	66	31115162	31115418	chr2	37129850	1	76	37128527	37130007
HWI-7001432L:213:C9FT8ANXX:1:1101:10859:2153#3/3	chr2	33584947	1	21	33583155	33584964	chr2	33585737	1	76	33584964	33586003
HWI-7001432L:213:C9FT8ANXX:1:1101:10859:2153#2/3	chr2	33584947	1	21	33583155	33584964	chr2	33586006	0	55	33586003	33586515
HWI-7001432L:213:C9FT8ANXX:1:1101:4836:2048	chr2	38728530	1	76	38728473	38728636	chr16	3780236	0	76	3780018	3781184
HWI-7001432L:213:C9FT8ANXX:1:1101:9794:1911	chr2	41186298	0	75	41186177	41186632	chr21	23678617	1	76	23677932	23678771
HWI-7001432L:213:C9FT8ANXX:1:1101:6793:2171	chr2	53338219	0	76	53338101	53338284	chr5	173856658	0	76	173856509	173856740
HWI-7001432L:213:C9FT8ANXX:1:1101:16590:2204	chr2	60339381	0	76	60338953	60339436	chr2	60342686	0	76	60342599	60343097
HWI-7001432L:213:C9FT8ANXX:1:1101:2578:2137	chr2	67884574	1	76	67884066	67884715	chr17	69405965	1	37	69405758	69406002
HWI-7001432L:213:C9FT8ANXX:1:1101:13392:2008	chr2	84050280	0	76	84050165	84050825	chr2	84821054	0	76	84820836	84821072
HWI-7001432L:213:C9FT8ANXX:1:1101:5757:2083	chr2	98956002	1	76	98955900	98956073	chr8	79957600	1	34	79955404	79957630
HWI-7001432L:213:C9FT8ANXX:1:1101:17248:2018	chr2	101327164	1	76	101325927	101327400	chr2	101884663	0	76	101884545	101884666
HWI-7001432L:213:C9FT8ANXX:1:1101:15024:2226	chr2	103728776	1	76	103728205	103728914	chr2	104860999	1	76	104860833	104861108
HWI-7001432L:213:C9FT8ANXX:1:1101:6729:2111	chr2	112113628	0	76	112113335	112116097	chr8	140821630	0	53	140821578	140821990
HWI-7001432L:213:C9FT8ANXX:1:1101:2149:2129	chr2	113208585	0	65	113208521	113208895	chr2	113215113	0	76	113214886	113216104
HWI-7001432L:213:C9FT8ANXX:1:1101:2038:1952	chr2	115628343	0	76	115628264	115628525	chr2	169657142	1	75	169656916	169657494
HWI-7001432L:213:C9FT8ANXX:1:1101:4761:2125	chr2	115731569	0	76	115731566	115731748	chr2	137169622	1	76	137169043	137169712
HWI-7001432L:213:C9FT8ANXX:1:1101:3775:2242	chr2	119648204	0	76	119648051	119648452	chr2	119812419	1	76	119812173	119812542
HWI-7001432L:213:C9FT8ANXX:1:1101:11768:2063	chr2	124152689	0	76	124152570	124153641	chr2	166523349	0	76	166523214	166523722
HWI-7001432L:213:C9FT8ANXX:1:1101:2358:1960	chr2	135027341	0	76	135027234	135027863	chr2	135843526	0	75	135843393	135843533
HWI-7001432L:213:C9FT8ANXX:1:1101:5987:1965	chr2	141599994	1	76	141599693	141600077	chr2	148312809	0	75	148312709	148313127
HWI-7001432L:213:C9FT8ANXX:1:1101:18173:1982#2/3	chr2	141640910	1	75	141640745	141641140	chr2	141692314	0	26	141692289	141692981
HWI-7001432L:213:C9FT8ANXX:1:1101:18173:1982~2~#3/3	chr2	141641143	0	50	141641140	141641269	chr2	141692314	0	26	141692289	141692981
HWI-7001432L:213:C9FT8ANXX:1:1101:14370:2015	chr2	142881423	1	76	142880909	142881649	chr2	172299405	1	29	172299278	172299431
HWI-7001432L:213:C9FT8ANXX:1:1101:5054:2077	chr2	144926458	0	76	144926295	144927163	chr2	144928461	1	46	144927163	144928503
HWI-7001432L:213:C9FT8ANXX:1:1101:13015:2053	chr2	145163836	0	76	145163592	145164325	chr2	163815240	1	76	163814376	163815371
HWI-7001432L:213:C9FT8ANXX:1:1101:2864:2093	chr2	164804695	0	76	164804567	164805034	chr10	99367841	0	41	99367801	99368116
HWI-7001432L:213:C9FT8ANXX:1:1101:5379:2077~2~#1/3	chr2	166777663	0	54	166777660	166779648	chr12	108321095	1	22	108320431	108321113
HWI-7001432L:213:C9FT8ANXX:1:1101:5379:2077~2~#3/3	chr2	166777663	0	54	166777660	166779648	chr2	166941642	1	76	166940929	166941751
HWI-7001432L:213:C9FT8ANXX:1:1101:5379:2077#2/3	chr2	166941642	1	76	166940929	166941751	chr12	108321095	1	22	108320431	108321113
HWI-7001432L:213:C9FT8ANXX:1:1101:4348:1996	chr2	168163062	0	76	168162978	168163379	chr11	80300138	1	76	80300016	80300326
HWI-7001432L:213:C9FT8ANXX:1:1101:11020:2192	chr2	168764617	1	76	168764380	168764755	chr5	178173551	0	52	178173496	178173782
HWI-7001432L:213:C9FT8ANXX:1:1101:4808:1932	chr2	169675032	0	68	169674965	169675613	chr2	169691376	0	75	169691194	169692191
HWI-7001432L:213:C9FT8ANXX:1:1101:8290:2066	chr2	179759777	0	43	179759735	179760112	chr2	179779369	0	76	179779270	179779490
HWI-7001432L:213:C9FT8ANXX:1:1101:15109:1965	chr2	184372136	0	76	184372051	184372431	chr2	185221078	1	75	185220525	185221254
HWI-7001432L:213:C9FT8ANXX:1:1101:4603:2210	chr2	187242211	0	76	187241931	187242964	chr2	188067298	1	56	188066571	188067350
HWI-7001432L:213:C9FT8ANXX:1:1101:4300:2131	chr2	196165751	0	29	196165723	196166036	chr2	196200166	0	76	196199966	196200980
HWI-7001432L:213:C9FT8ANXX:1:1101:11728:1956	chr2	198668904	0	75	198668757	198669286	chr2	199461477	1	76	199461183	199461767
HWI-7001432L:213:C9FT8ANXX:1:1101:15207:2229	chr2	216795560	0	45	216795515	216796775	chr2	217308978	0	76	217308850	217309043
HWI-7001432L:213:C9FT8ANXX:1:1101:5009:1955	chr2	227171743	0	76	227171643	227172155	chr11	113098047	1	67	113097573	113098110
HWI-7001432L:213:C9FT8ANXX:1:1101:4885:2203	chr2	231335990	1	76	231335990	231336260	chr5	72621935	1	76	72621935	72621941
HWI-7001432L:213:C9FT8ANXX:1:1101:2708:2014	chr2	231375004	1	76	231374919	231375118	chr2	231383659	1	76	231383110	231383981
HWI-7001432L:213:C9FT8ANXX:1:1101:3016:2100~2~	chr2	231726969	1	62	231726969	231727109	chr7	44511182	0	76	44511107	44511670
HWI-7001432L:213:C9FT8ANXX:1:1101:12044:2209	chr2	233103789	1	76	233103770	233103945	chr9	128123299	0	76	128123083	128123484
HWI-7001432L:213:C9FT8ANXX:1:1101:10849:2067	chr2	235978012	1	76	235977936	235978362	chr2	236621693	1	76	236621108	236621783
HWI-7001432L:213:C9FT8ANXX:1:1101:14475:2019	chr3	7762714	1	42	7761990	7762752	chr3	11345419	0	76	11345198	11346925
HWI-7001432L:213:C9FT8ANXX:1:1101:3310:2224	chr3	9350131	0	76	9350064	9350686	chr3	10151641	0	76	10151479	10151972
HWI-7001432L:213:C9FT8ANXX:1:1101:1422:2006	chr3	11578491	1	76	11577544	11578567	chr18	35169106	1	28	35168536	35169134
HWI-7001432L:213:C9FT8ANXX:1:1101:6438:1945	chr3	11728144	0	75	11728025	11728785	chr3	11753024	0	76	11752893	11753202
HWI-7001432L:213:C9FT8ANXX:1:1101:7279:2207	chr3	13261050	1	60	13260505	13261106	chr3	106946142	1	76	106946019	106946432
HWI-7001432L:213:C9FT8ANXX:1:1101:13479:2003	chr3	13321041	1	76	13321041	13321149	chr3	42854948	1	76	42854920	42855095
HWI-7001432L:213:C9FT8ANXX:1:1101:7639:1910	chr3	16306704	1	76	16306704	16306871	chr3	19450390	1	75	19450195	19450534
HWI-7001432L:213:C9FT8ANXX:1:1101:4743:2240	chr3	17415723	0	76	17415720	17416882	chr11	80090015	1	76	80089712	80090109
HWI-7001432L:213:C9FT8ANXX:1:1101:7412:2027	chr3	21085725	1	76	21085371	21085931	chr3	21104671	0	76	21104512	21105325
HWI-7001432L:213:C9FT8ANXX:1:1101:12492:2200	chr3	25991231	1	76	25991111	25991346	chr3	30143199	0	76	30143075	30143435
HWI-7001432L:213:C9FT8ANXX:1:1101:10118:2010	chr3	26382531	0	76	26382440	26384943	chr3	27290400	0	76	27290202	27290670
HWI-7001432L:213:C9FT8ANXX:1:1101:7732:2068	chr3	27887130	0	71	27887060	27887836	chr11	28789919	0	76	28789684	28790341
HWI-7001432L:213:C9FT8ANXX:1:1101:16911:2247	chr3	33316803	1	76	33316419	33316927	chr16	14131102	0	76	14130890	14131557
HWI-7001432L:213:C9FT8ANXX:1:1101:4382:2138	chr3	36272994	1	76	36272782	36273132	chr3	143427537	0	76	143427448	143428563
HWI-7001432L:213:C9FT8ANXX:1:1101:10541:2118	chr3	38962880	1	76	38962627	38962966	chr13	82535408	1	76	82534686	82535510
HWI-7001432L:213:C9FT8ANXX:1:1101:8011:2234	chr3	39873302	1	48	39872893	39873346	chr20	39576500	0	76	39576342	39577044
HWI-7001432L:213:C9FT8ANXX:1:1101:4113:2099	chr3	44008919	1	76	44008218	44009085	chr3	128179374	1	76	128178394	128179480
HWI-7001432L:213:C9FT8ANXX:1:1101:14418:1937	chr3	69136300	0	76	69136049	69136730	chr3	74427665	0	75	74427510	74427841
HWI-7001432L:213:C9FT8ANXX:1:1101:4363:1914#2/3	chr3	83129309	1	75	83128664	83129421	chr3	153928793	1	49	153928159	153928838
HWI-7001432L:213:C9FT8ANXX:1:1101:4363:1914~2~#3/3	chr3	83129424	0	27	83129421	83129789	chr3	153928793	1	49	153928159	153928838
HWI-7001432L:213:C9FT8ANXX:1:1101:13150:2193~2~	chr3	83492851	1	47	83492851	83494485	chr3	83498843	0	27	83498817	83499191
HWI-7001432L:213:C9FT8ANXX:1:1101:2211:1929	chr3	96283878	1	76	96283520	96284567	chr3	97708433	1	75	97708324	97708658
HWI-7001432L:213:C9FT8ANXX:1:1101:3785:2151	chr3	97973690	0	76	97973514	97974195	chr3	100069406	0	76	100069325	100069733
HWI-7001432L:213:C9FT8ANXX:1:1101:13893:2011	chr3	108457930	1	59	108456909	108457985	chr3	110112778	1	76	110111918	110112865
HWI-7001432L:213:C9FT8ANXX:1:1101:16824:2027	chr3	109185387	1	76	109185386	109185435	chr3	186226704	1	76	186226572	186227029
HWI-7001432L:213:C9FT8ANXX:1:1101:9427:2127	chr3	110216501	1	76	110216033	110216578	chr3	166458679	0	76	166458676	166459239
HWI-7001432L:213:C9FT8ANXX:1:1101:16234:2195	chr3	111476996	1	76	111476791	111477099	chr3	176554824	0	76	176554655	176555341
HWI-7001432L:213:C9FT8ANXX:1:1101:17625:1974	chr3	114182224	0	75	114182222	114182977	chr3	114185882	1	76	114185739	114186049
HWI-7001432L:213:C9FT8ANXX:1:1101:1874:2226#1/3	chr3	121817443	1	76	121816863	121817701	chr3	122187335	0	41	122187295	122188407
HWI-7001432L:213:C9FT8ANXX:1:1101:1874:2226~2~#3/3	chr3	121817704	0	35	121817701	121817976	chr3	122187335	0	41	122187295	122188407
HWI-7001432L:213:C9FT8ANXX:1:1101:13041:2243	chr3	122208783	0	76	122208589	122208913	chr3	122222822	0	76	122222654	122222913
HWI-7001432L:213:C9FT8ANXX:1:1101:4440:2078	chr3	127773041	1	24	127772984	127773061	chr3	197771357	1	76	197771218	197771434
HWI-7001432L:213:C9FT8ANXX:1:1101:4448:1984	chr3	132403900	0	40	132403861	132404207	chr11	117812886	0	75	117812738	117814422
HWI-7001432L:213:C9FT8ANXX:1:1101:9272:2213	chr3	136646538	1	76	136645499	136646684	chr13	81879538	1	36	81879012	81879570
HWI-7001432L:213:C9FT8ANXX:1:1101:8465:1960#3/3	chr3	139608760	0	49	139608712	139609044	chr3	140741662	1	60	140741354	140741718
HWI-7001432L:213:C9FT8ANXX:1:1101:8465:1960#1/3	chr3	139608760	0	49	139608712	139609044	chr3	173938641	1	27	173938641	173938769
HWI-7001432L:213:C9FT8ANXX:1:1101:8465:1960#2/3	chr3	140741662	1	60	140741354	140741718	chr3	173938641	1	27	173938641	173938769
HWI-7001432L:213:C9FT8ANXX:1:1101:5481:1951	chr3	140938109	1	75	140936669	140938215	chr3	151513469	0	76	151513269	151514333
HWI-7001432L:213:C9FT8ANXX:1:1101:5153:2049	chr3	141282694	1	64	141282061	141282754	chr17	56183550	0	76	56183529	56183802
HWI-7001432L:213:C9FT8ANXX:1:1101:5226:1917	chr3	144219381	0	76	144219298	144220567	chr3	144467173	0	75	144467102	144467632
HWI-7001432L:213:C9FT8ANXX:1:1101:6563:1948	chr3	145630740	1	75	145630739	145630908	chr3	148262004	1	76	148261264	148262245
HWI-7001432L:213:C9FT8ANXX:1:1101:17552:1997	chr3	146988907	1	76	146988389	146989106	chr3	147499893	0	76	147499722	147499997
HWI-7001432L:213:C9FT8ANXX:1:1101:5562:2224	chr3	156704457	1	76	156703806	156704554	chr3	175746245	1	76	175746245	175746351
HWI-7001432L:213:C9FT8ANXX:1:1101:14672:2094	chr3	159001856	1	34	159000848	159001886	chr3	159009211	0	76	159009035	159009245
HWI-7001432L:213:C9FT8ANXX:1:1101:9954:2167	chr3	160055573	0	37	160055537	160055931	chr3	160199641	0	76	160199348	160200842
HWI-7001432L:213:C9FT8ANXX:1:1101:16050:2248	chr3	168075844	0	76	168075682	168075889	chr3	172252200	0	49	172252152	172252374
HWI-7001432L:213:C9FT8ANXX:1:1101:5135:2027	chr3	171515604	0	76	171515601	171515773	chr3	171520821	1	76	171520743	171520980
HWI-7001432L:213:C9FT8ANXX:1:1101:8125:2185#3/3	chr3	173355476	1	76	173354926	173355618	chr3	173748827	0	25	173748803	173749015
HWI-7001432L:213:C9FT8ANXX:1:1101:8125:2185~2~#2/3	chr3	173355621	0	51	173355618	173355666	chr3	173748827	0	25	173748803	173749015
HWI-7001432L:213:C9FT8ANXX:1:1101:20122:1976	chr3	174462738	0	76	174462582	174463163	chr3	175455894	0	66	175455829	175457134
HWI-7001432L:213:C9FT8ANXX:1:1101:19700:1929	chr3	174551896	0	76	174551640	174552231	chr3	174673481	1	37	174672689	174673514
HWI-7001432L:213:C9FT8ANXX:1:1101:20547:1960	chr3	175062881	0	75	175062645	175063674	chr3	175747737	1	76	175747274	175747814
HWI-7001432L:213:C9FT8ANXX:1:1101:11776:1919	chr3	175665791	0	76	175665709	175665882	chr3	176003176	1	75	176001255	176003289
HWI-7001432L:213:C9FT8ANXX:1:1101:12119:1977	chr3	177428763	0	75	177428685	177428791	chr3	177543984	0	76	177543910	177544439
HWI-7001432L:213:C9FT8ANXX:1:1101:1602:2105	chr3	177673076	0	76	177672998	177673201	chr3	178318525	0	76	178318366	178319018
HWI-7001432L:213:C9FT8ANXX:1:1101:7539:2247	chr3	178118863	1	76	178118863	178119108	chr3	178125991	0	76	178125988	178127063
HWI-7001432L:213:C9FT8ANXX:1:1101:17559:1927#2/3	chr3	178609451	1	39	178609232	178609486	chr9	126999774	1	75	126998622	126999857
HWI-7001432L:213:C9FT8ANXX:1:1101:17559:1927#1/3	chr3	178609451	1	39	178609232	178609486	chr9	126999860	0	37	126999857	127000039
HWI-7001432L:213:C9FT8ANXX:1:1101:17985:1954	chr3	179180344	0	76	179180101	179180501	chr3	179234189	1	75	179233097	179234328
HWI-7001432L:213:C9FT8ANXX:1:1101:14178:2235	chr3	182403405	0	76	182403271	182403845	chr12	47434237	1	76	47433872	47434314
HWI-7001432L:213:C9FT8ANXX:1:1101:14064:2101	chr3	182910018	0	76	182910015	182910187	chr4	139459873	0	76	139459870	139459996
HWI-7001432L:213:C9FT8ANXX:1:1101:6705:2240	chr3	183520152	1	76	183520152	183520275	chr3	191371529	0	76	191371495	191371858
HWI-7001432L:213:C9FT8ANXX:1:1101:12313:1994	chr3	184811168	0	30	184811139	184812901	chrX	72382371	0	76	72382183	72382373
HWI-7001432L:213:C9FT8ANXX:1:1101:11289:2032	chr3	185317676	1	60	185317357	185317736	chr3	185323909	1	76	185323571	185324074
HWI-7001432L:213:C9FT8ANXX:1:1101:1219:1960#3/3	chr3	186674562	0	26	186674533	186674966	chr3	187582656	0	42	187582409	187582658
HWI-7001432L:213:C9FT8ANXX:1:1101:1219:1960#1/3	chr3	186674562	0	26	186674533	186674966	chr3	187585063	1	53	187584271	187585112
HWI-7001432L:213:C9FT8ANXX:1:1101:1219:1960~2~#2/3	chr3	187582656	0	42	187582409	187582658	chr3	187585063	1	53	187584271	187585112
HWI-7001432L:213:C9FT8ANXX:1:1101:3504:2221	chr3	187713889	0	76	187713816	187714327	chr3	187719596	0	64	187719532	187719726
HWI-7001432L:213:C9FT8ANXX:1:1101:5469:2158	chr3	188221062	0	30	188221033	188221584	chr3	188226259	0	76	188225995	188226635
HWI-7001432L:213:C9FT8ANXX:1:1101:7874:2221	chr3	192105098	0	76	192104901	192105444	chrX	38367344	1	53	38366954	38367397
HWI-7001432L:213:C9FT8ANXX:1:1101:13013:1947~2~#1/3	chr3	192888656	1	34	192888656	192888935	chr10	50286414	0	42	50286373	50286849
HWI-7001432L:213:C9FT8ANXX:1:1101:13013:1947#3/3	chr3	192888937	0	75	192888935	192890266	chr10	50286414	0	42	50286373	50286849
HWI-7001432L:213:C9FT8ANXX:1:1101:7441:2156	chr3	193336614	1	76	193335658	193336792	chr3	193560632	1	58	193560312	193560686
HWI-7001432L:213:C9FT8ANXX:1:1101:11918:2158	chr3	194012504	0	76	194011940	194012929	chr3	194097108	0	32	194097077	194097810
HWI-7001432L:213:C9FT8ANXX:1:1101:18235:1996	chr3	197794709	1	76	197794345	197794781	chr5	73124643	0	76	73124562	73124874
HWI-7001432L:213:C9FT8ANXX:1:1101:6715:2057	chr4	4641878	1	76	4641275	4641972	chr4	7773385	1	76	7773381	7773855
HWI-7001432L:213:C9FT8ANXX:1:1101:5316:2150	chr4	5233195	0	76	5232936	5233773	chr5	4169665	0	76	4169571	4170064
HWI-7001432L:213:C9FT8ANXX:1:1101:5406:2050#2/3	chr4	7109653	1	27	7109144	7109676	chr17	49142356	1	76	49141613	49142603
HWI-7001432L:213:C9FT8ANXX:1:1101:5406:2050#1/3	chr4	7109653	1	27	7109144	7109676	chr17	49142606	0	49	49142603	49142643
HWI-7001432L:213:C9FT8ANXX:1:1101:11425:2082	chr4	9868957	1	76	9868073	9869110	chr4	54579847	0	76	54579656	54580002
HWI-7001432L:213:C9FT8ANXX:1:1101:9163:2174	chr4	13504817	0	59	13504759	13505000	chr9	112047963	0	76	112047765	112048154
HWI-7001432L:213:C9FT8ANXX:1:1101:16672:2122	chr4	17804807	1	76	17804673	17805044	chr4	24130455	0	76	24130229	24130870
HWI-7001432L:213:C9FT8ANXX:1:1101:14086:1992#2/3	chr4	19506224	1	26	19505477	19506246	chr4	22506835	1	76	22506504	22507014
HWI-7001432L:213:C9FT8ANXX:1:1101:14086:1992#1/3	chr4	19506224	1	26	19505477	19506246	chr4	22507017	0	50	22507014	22507191
HWI-7001432L:213:C9FT8ANXX:1:1101:11240:2174	chr4	23457206	1	76	23456974	23457300	chr4	23463626	1	76	23463369	23463689
HWI-7001432L:213:C9FT8ANXX:1:1101:12827:2165	chr4	33805272	0	76	33805154	33806039	chr4	36129268	0	76	36128975	36129690
HWI-7001432L:213:C9FT8ANXX:1:1101:15002:2168	chr4	42974386	1	76	42974189	42974508	chr4	111294009	1	76	111293531	111294253
HWI-7001432L:213:C9FT8ANXX:1:1101:8100:1907	chr4	43110830	0	76	43110827	43111375	chr4	43501542	0	75	43501299	43501756
HWI-7001432L:213:C9FT8ANXX:1:1101:4686:2212	chr4	43453150	0	76	43452853	43453156	chr4	43462828	1	27	43462357	43462851
HWI-7001432L:213:C9FT8ANXX:1:1101:11955:1954	chr4	47190696	0	76	47190485	47190755	chr4	47434785	0	75	47434553	47435127
HWI-7001432L:213:C9FT8ANXX:1:1101:14001:2178	chr4	60997670	0	76	60997510	60998049	chr4	61780728	1	76	61780375	61780817
HWI-7001432L:213:C9FT8ANXX:1:1101:1446:2165	chr4	61212156	0	76	61211972	61212920	chr4	72959669	0	62	72959608	72960096
HWI-7001432L:213:C9FT8ANXX:1:1101:13986:2231	chr4	69340160	0	76	69339910	69341869	chr16	69559313	0	76	69559218	69559690
HWI-7001432L:213:C9FT8ANXX:1:1101:11726:1979	chr4	73680538	1	75	73680228	73680605	chr4	75224399	1	76	75224399	75224493
HWI-7001432L:213:C9FT8ANXX:1:1101:13190:1981	chr4	79504288	0	69	79504220	79504797	chr16	68294934	0	75	68294834	68295785
HWI-7001432L:213:C9FT8ANXX:1:1101:7855:2016	chr4	84364802	1	76	84364043	84364997	chr4	84379838	1	36	84379232	84379874
HWI-7001432L:213:C9FT8ANXX:1:1101:17453:1953	chr4	94806836	1	75	94806522	94807158	chr4	152147949	1	76	152147836	152148045
HWI-7001432L:213:C9FT8ANXX:1:1101:7793:1913	chr4	99910969	0	75	99910870	99911201	chr4	101965371	0	76	101965246	101967334
HWI-7001432L:213:C9FT8ANXX:1:1101:3739:1950	chr4	102051118	1	66	102050263	102051180	chr4	149678099	0	75	149678015	149679008
HWI-7001432L:213:C9FT8ANXX:1:1101:19868:1924	chr4	103056068	0	23	103056042	103056311	chr4	103947825	0	75	103947745	103947957
HWI-7001432L:213:C9FT8ANXX:1:1101:19088:1998	chr4	109219968	0	76	109219783	109220512	chr4	109307210	1	76	109306601	109307255
HWI-7001432L:213:C9FT8ANXX:1:1101:8616:1980	chr4	114828594	0	75	114828501	114828783	chr5	5928082	0	76	5927935	5928294
HWI-7001432L:213:C9FT8ANXX:1:1101:2063:2048	chr4	116682429	1	76	116681799	116682600	chr4	117089417	1	76	117088926	117089528
HWI-7001432L:213:C9FT8ANXX:1:1101:12645:2242	chr4	120014940	1	76	120014631	120015046	chr4	120027706	1	76	120027214	120027803
HWI-7001432L:213:C9FT8ANXX:1:1101:16126:2207	chr4	123136289	0	76	123136185	123136310	chr4	163617662	1	76	163617564	163617901
HWI-7001432L:213:C9FT8ANXX:1:1101:2323:2043	chr4	154231315	1	76	154230593	154231387	chr4	182775053	1	76	182774917	182775195
HWI-7001432L:213:C9FT8ANXX:1:1101:11649:1990	chr4	165662394	0	76	165662123	165663025	chr4	165663816	0	76	165663814	165663985
HWI-7001432L:213:C9FT8ANXX:1:1101:3240:2072	chr4	166090450	0	76	166090365	166091248	chrX	25576859	0	76	25576779	25576945
HWI-7001432L:213:C9FT8ANXX:1:1101:11404:1933	chr4	172577726	0	76	172577649	172577836	chr14	62518333	0	75	62518331	62518500
HWI-7001432L:213:C9FT8ANXX:1:1101:12438:2123	chr4	174873637	1	66	174873420	174873683	chr4	175256495	1	76	175256495	175256756
HWI-7001432L:213:C9FT8ANXX:1:1101:6829:1920	chr4	180979608	0	76	180979521	180979932	chr4	182371342	1	75	182370786	182371607
HWI-7001432L:213:C9FT8ANXX:1:1101:7062:1999	chr4	181244980	0	76	181244845	181245896	chr4	182029996	0	76	182029863	182030799
HWI-7001432L:213:C9FT8ANXX:1:1101:17263:1962	chr4	182697777	0	75	182697559	182698086	chr4	182806998	0	76	182806991	182807507
HWI-7001432L:213:C9FT8ANXX:1:1101:6150:2031	chr4	188240395	1	76	188240189	188240642	chr5	34190972	1	52	34190604	34191020
HWI-7001432L:213:C9FT8ANXX:1:1101:3061:2162	chr5	950224	1	76	949938	950317	chr5	965953	1	76	965206	966120
HWI-7001432L:213:C9FT8ANXX:1:1101:9128:2116	chr5	2361302	1	65	2361302	2361363	chr5	14194419	0	76	14194367	14195118
HWI-7001432L:213:C9FT8ANXX:1:1101:7864:2237	chr5	2409211	1	76	2407754	2409395	chr5	15778388	1	76	15777831	15778525
HWI-7001432L:213:C9FT8ANXX:1:1101:18961:1963	chr5	2710164	0	76	2709821	2711022	chr5	2734844	0	43	2734802	2735409
HWI-7001432L:213:C9FT8ANXX:1:1101:1527:2088#2/3	chr5	2939220	0	58	2939163	2939864	chr5	2969513	1	76	2969476	2969766
HWI-7001432L:213:C9FT8ANXX:1:1101:1527:2088#3/3	chr5	2939220	0	58	2939163	2939864	chr5	2969769	0	18	2969766	2970434
HWI-7001432L:213:C9FT8ANXX:1:1101:1675:1962	chr5	3797562	1	76	3797489	3797670	chr5	4110471	1	75	4110226	4110674
HWI-7001432L:213:C9FT8ANXX:1:1101:12959:2246	chr5	12321240	1	61	12321046	12321297	chr5	12974661	1	76	12974373	12974829
HWI-7001432L:213:C9FT8ANXX:1:1101:5663:2021	chr5	16572232	1	76	16571935	16572451	chr5	16673853	0	76	16673769	16674244
HWI-7001432L:213:C9FT8ANXX:1:1101:12288:2111	chr5	21992174	0	76	21992075	21992661	chr5	22096395	0	76	22096276	22096531
HWI-7001432L:213:C9FT8ANXX:1:1101:3591:2143	chr5	23659573	1	58	23659121	23659627	chr5	26594783	1	76	26594391	26594885
HWI-7001432L:213:C9FT8ANXX:1:1101:4291:2151	chr5	23797205	0	76	23797202	23797218	chr5	24349830	1	76	24349561	24349900
HWI-7001432L:213:C9FT8ANXX:1:1101:10147:2111	chr5	28794477	1	76	28794203	28794631	chr5	28807704	1	76	28807527	28808021
HWI-7001432L:213:C9FT8ANXX:1:1101:4203:1967	chr5	32288832	1	76	32288831	32289067	chr5	139367135	0	75	139366971	139367980
HWI-7001432L:213:C9FT8ANXX:1:1101:20357:1969#2/3	chr5	33582733	0	33	33582701	33583284	chr5	33900746	1	76	33900728	33900851
HWI-7001432L:213:C9FT8ANXX:1:1101:20357:1969#3/3	chr5	33582733	0	33	33582701	33583284	chr5	33900854	0	42	33900851	33900900
HWI-7001432L:213:C9FT8ANXX:1:1101:4498:1921	chr5	35501393	1	21	35501190	35501410	chr5	68937466	0	76	68937246	68938007
HWI-7001432L:213:C9FT8ANXX:1:1101:7554:2217	chr5	37362485	0	76	37362352	37362526	chr16	54505025	0	76	54504937	54506569
HWI-7001432L:213:C9FT8ANXX:1:1101:10164:2178#2/3	chr5	38364706	1	52	38364644	38364754	chr5	38582279	1	76	38582164	38582385
HWI-7001432L:213:C9FT8ANXX:1:1101:10164:2178#3/3	chr5	38364706	1	52	38364644	38364754	chr5	38582388	0	24	38582385	38582598
HWI-7001432L:213:C9FT8ANXX:1:1101:11597:2021#1/3	chr5	39748941	0	44	39748898	39749047	chr5	57511199	1	76	57511170	57511467
HWI-7001432L:213:C9FT8ANXX:1:1101:11597:2021#2/3	chr5	39748941	0	44	39748898	39749047	chr5	57511470	0	32	57511467	57511498
HWI-7001432L:213:C9FT8ANXX:1:1101:6788:2101	chr5	50661498	1	76	50660741	50661572	chr17	78857287	1	76	78857124	78857410
HWI-7001432L:213:C9FT8ANXX:1:1101:15435:2068	chr5	52384031	0	76	52383756	52384041	chr11	131780110	1	76	131779138	131780221
HWI-7001432L:213:C9FT8ANXX:1:1101:12280:1986#1/3	chr5	55107861	1	76	55107725	55108045	chr7	44200990	0	24	44200967	44201233
HWI-7001432L:213:C9FT8ANXX:1:1101:12280:1986~2~#3/3	chr5	55108048	0	51	55108045	55108308	chr7	44200990	0	24	44200967	44201233
HWI-7001432L:213:C9FT8ANXX:1:1101:5881:2069	chr5	55334855	0	76	55334767	55335455	chr5	56231366	1	76	56231117	56231614
HWI-7001432L:213:C9FT8ANXX:1:1101:1592:2183#3/3	chr5	56058331	1	33	56057971	56058364	chr5	85191202	1	35	85191197	85191537
HWI-7001432L:213:C9FT8ANXX:1:1101:1592:2183#2/3	chr5	56058331	1	33	56057971	56058364	chr5	85191615	0	76	85191537	85191965
HWI-7001432L:213:C9FT8ANXX:1:1101:5341:2037	chr5	56389313	1	76	56388016	56389490	chr14	35717199	0	76	35717018	35717214
HWI-7001432L:213:C9FT8ANXX:1:1101:5335:2187	chr5	57200387	1	48	57199954	57200431	chr5	57214593	1	76	57214362	57214719
HWI-7001432L:213:C9FT8ANXX:1:1101:9505:2119	chr5	64987789	0	76	64987620	64988479	chr16	75428775	1	76	75428408	75428893
HWI-7001432L:213:C9FT8ANXX:1:1101:7564:1980	chr5	66186624	1	75	66185631	66186793	chr15	42148483	1	76	42148262	42148556
HWI-7001432L:213:C9FT8ANXX:1:1101:8888:1989	chr5	76038559	0	76	76038390	76039143	chr5	76060206	0	76	76059893	76060372
HWI-7001432L:213:C9FT8ANXX:1:1101:21154:1992	chr5	88346824	0	76	88346663	88347860	chr5	89938873	1	75	89938501	89938962
HWI-7001432L:213:C9FT8ANXX:1:1101:11810:1940	chr5	90478835	0	57	90478778	90479424	chr15	56749645	0	76	56749556	56749732
HWI-7001432L:213:C9FT8ANXX:1:1101:5642:2212	chr5	93769332	1	66	93769309	93769394	chr5	95215047	1	69	95215041	95215112
HWI-7001432L:213:C9FT8ANXX:1:1101:3914:2054	chr5	101412968	0	25	101412944	101413296	chr5	101430422	0	76	101430304	101430658
HWI-7001432L:213:C9FT8ANXX:1:1101:15875:2132	chr5	105826637	0	76	105826427	105828665	chr5	105853662	1	48	105852524	105853706
HWI-7001432L:213:C9FT8ANXX:1:1101:8202:2249	chr5	106309453	1	76	106308233	106309628	chr5	106310922	1	76	106310922	106311284
HWI-7001432L:213:C9FT8ANXX:1:1101:12136:1961	chr5	106711401	1	75	106711400	106711544	chr5	106748651	0	76	106748503	106750004
HWI-7001432L:213:C9FT8ANXX:1:1101:3467:2216	chr5	108738373	1	63	108738159	108738432	chr5	109889950	1	76	109889812	109890036
HWI-7001432L:213:C9FT8ANXX:1:1101:14750:1927#3/3	chr5	119469947	1	42	119469593	119469985	chr5	119955006	0	34	119955003	119955196
HWI-7001432L:213:C9FT8ANXX:1:1101:14750:1927#2/3	chr5	119469947	1	42	119469593	119469985	chr5	120164252	0	75	120164145	120165741
HWI-7001432L:213:C9FT8ANXX:1:1101:10229:2250~2~#2/3	chr5	119586859	1	20	119586859	119586880	chr5	120191789	0	56	120191734	120192656
HWI-7001432L:213:C9FT8ANXX:1:1101:10229:2250#3/3	chr5	119587064	0	76	119586880	119589137	chr5	120191789	0	56	120191734	120192656
HWI-7001432L:213:C9FT8ANXX:1:1101:14750:1927~2~#1/3	chr5	119955006	0	34	119955003	119955196	chr5	120164252	0	75	120164145	120165741
HWI-7001432L:213:C9FT8ANXX:1:1101:20645:1996	chr5	124101613	1	76	124100915	124101768	chr5	131545592	0	76	131545468	131545885
HWI-7001432L:213:C9FT8ANXX:1:1101:7432:2016	chr5	127830195	1	76	127829862	127830268	chr5	133183657	0	76	133183654	133183829
HWI-7001432L:213:C9FT8ANXX:1:1101:14373:2239	chr5	128945913	1	76	128944860	128946000	chr11	81029112	1	57	81028825	81029166
HWI-7001432L:213:C9FT8ANXX:1:1101:5492:1966	chr5	130824078	1	57	130823205	130824131	chr5	131455637	0	76	131455496	131455912
HWI-7001432L:213:C9FT8ANXX:1:1101:2244:2037	chr5	132673150	0	76	132673074	132673211	chr15	90587680	0	76	90587677	90587717
HWI-7001432L:213:C9FT8ANXX:1:1101:3414:1929	chr5	139537917	0	75	139537915	139538096	chrX	54571469	0	76	54571433	54571918
HWI-7001432L:213:C9FT8ANXX:1:1101:19146:1989	chr5	143070363	1	76	143069778	143070540	chr5	143073467	1	75	143073079	143073614
HWI-7001432L:213:C9FT8ANXX:1:1101:2012:1924	chr5	144589482	1	76	144589446	144589734	chr5	144680410	0	75	144680297	144680568
HWI-7001432L:213:C9FT8ANXX:1:1101:14784:2214	chr5	146252427	0	68	146252424	146253061	chr5	162180748	1	76	162180069	162181072
HWI-7001432L:213:C9FT8ANXX:1:1101:2525:2027#1/3	chr5	148820898	1	76	148819031	148821015	chr5	149297310	1	39	149296248	149297345
HWI-7001432L:213:C9FT8ANXX:1:1101:2525:2027~2~#2/3	chr5	148821018	0	37	148821015	148821339	chr5	149297310	1	39	149296248	149297345
HWI-7001432L:213:C9FT8ANXX:1:1101:3724:2077	chr5	149947889	0	76	149947712	149948867	chr5	164360992	0	76	164360909	164361218
HWI-7001432L:213:C9FT8ANXX:1:1101:5419:1998#1/3	chr5	152302453	1	76	152302450	152302651	chr5	153002163	0	50	153002114	153003234
HWI-7001432L:213:C9FT8ANXX:1:1101:5419:1998~2~#3/3	chr5	152302654	0	26	152302651	152302743	chr5	153002163	0	50	153002114	153003234
HWI-7001432L:213:C9FT8ANXX:1:1101:4555:2233#1/3	chr5	157984116	1	76	157983600	157984432	chr9	91660043	0	28	91660016	91661117
HWI-7001432L:213:C9FT8ANXX:1:1101:4555:2233~2~#3/3	chr5	157984435	0	48	157984432	157984638	chr9	91660043	0	28	91660016	91661117
HWI-7001432L:213:C9FT8ANXX:1:1101:6321:2213#1/3	chr5	159450862	0	35	159450828	159451872	chr7	21882333	1	76	21882307	21882507
HWI-7001432L:213:C9FT8ANXX:1:1101:6321:2213#2/3	chr5	159450862	0	35	159450828	159451872	chr7	21882510	0	41	21882507	21882572
HWI-7001432L:213:C9FT8ANXX:1:1101:8638:2051	chr5	159472304	1	76	159471819	159472484	chr5	160066597	0	61	160066537	160066833
HWI-7001432L:213:C9FT8ANXX:1:1101:14961:1963	chr5	161325349	1	76	161323539	161325723	chr5	161331386	1	75	161331327	161331647
HWI-7001432L:213:C9FT8ANXX:1:1101:15959:2213	chr5	163448287	1	76	163448110	163448382	chr5	180684564	0	76	180684444	180685004
HWI-7001432L:213:C9FT8ANXX:1:1101:1479:2247	chr5	170123179	1	76	170122705	170123256	chr5	170129293	0	76	170129106	170130027
HWI-7001432L:213:C9FT8ANXX:1:1101:7822:1944	chr5	173152193	0	76	173151982	173152413	chr5	173158071	1	75	173158030	173158169
HWI-7001432L:213:C9FT8ANXX:1:1101:9379:2116#2/3	chr6	2166418	1	76	2165278	2166530	chr6	2653235	0	29	2653207	2653386
HWI-7001432L:213:C9FT8ANXX:1:1101:9379:2116~2~#1/3	chr6	2166533	0	47	2166530	2166894	chr6	2653235	0	29	2653207	2653386
HWI-7001432L:213:C9FT8ANXX:1:1101:15609:2133#2/3	chr6	4276428	1	76	4276225	4276585	chr6	4373351	0	50	4373302	4373761
HWI-7001432L:213:C9FT8ANXX:1:1101:15609:2133~2~#1/3	chr6	4276588	0	26	4276585	4276815	chr6	4373351	0	50	4373302	4373761
HWI-7001432L:213:C9FT8ANXX:1:1101:13034:1912	chr6	5637209	1	76	5637082	5637338	chr6	13393309	0	75	13393307	13393843
HWI-7001432L:213:C9FT8ANXX:1:1101:3240:1956	chr6	6210890	1	76	6210792	6210959	chr6	45984958	1	52	45983566	45985006
HWI-7001432L:213:C9FT8ANXX:1:1101:8554:2226	chr6	9696666	1	76	9696187	9696913	chr6	9738971	0	76	9738876	9739056
HWI-7001432L:213:C9FT8ANXX:1:1101:1878:2001	chr6	11180976	0	76	11180789	11182620	chr6	11378439	0	76	11378251	11379789
HWI-7001432L:213:C9FT8ANXX:1:1101:15184:2227	chr6	13022391	0	29	13022363	13022793	chr6	13041489	0	76	13041404	13042220
HWI-7001432L:213:C9FT8ANXX:1:1101:16283:2210#1/3	chr6	23617509	1	49	23616755	23617554	chr6	24167897	1	76	24167851	24168192
HWI-7001432L:213:C9FT8ANXX:1:1101:16283:2210#3/3	chr6	23617509	1	49	23616755	23617554	chr6	24168195	0	27	24168192	24168267
HWI-7001432L:213:C9FT8ANXX:1:1101:4997:2113	chr6	26615494	0	76	26615347	26615844	chr6	26652213	0	45	26652169	26652465
HWI-7001432L:213:C9FT8ANXX:1:1101:15302:1982	chr6	27079091	1	75	27077151	27079213	chr6	27085313	0	76	27085241	27085785
HWI-7001432L:213:C9FT8ANXX:1:1101:9922:2150	chr6	27156030	1	76	27155797	27156118	chr6	29714614	0	76	29714506	29714934
HWI-7001432L:213:C9FT8ANXX:1:1101:6612:1980	chr6	27221291	1	76	27220958	27221377	chr7	4262492	0	75	4262490	4262660
HWI-7001432L:213:C9FT8ANXX:1:1101:2085:2006#1/3	chr6	60545238	0	28	60545235	60545730	chr8	51715693	1	48	51715693	51715822
HWI-7001432L:213:C9FT8ANXX:1:1101:2085:2006#2/3	chr6	60545238	0	28	60545235	60545730	chr8	51715874	0	76	51715822	51716052
HWI-7001432L:213:C9FT8ANXX:1:1101:12200:2095	chr6	65958390	0	76	65958315	65958415	chr6	68533557	1	76	68533047	68533751
HWI-7001432L:213:C9FT8ANXX:1:1101:20552:1995	chr6	67169827	1	69	67169148	67169892	chr6	67201395	1	76	67201164	67201558
HWI-7001432L:213:C9FT8ANXX:1:1101:9097:2072	chr6	67962345	1	69	67962045	67962410	chr6	68027389	1	76	68026990	68027395
HWI-7001432L:213:C9FT8ANXX:1:1101:14867:1994	chr6	73943410	0	76	73943337	73943520	chr15	54399649	1	76	54399091	54399821
HWI-7001432L:213:C9FT8ANXX:1:1101:2995:2138#2/3	chr6	74192937	1	76	74192864	74193178	chr6	74765172	0	29	74765144	74765774
HWI-7001432L:213:C9FT8ANXX:1:1101:2995:2138~2~#3/3	chr6	74193181	0	47	74193178	74194080	chr6	74765172	0	29	74765144	74765774
HWI-7001432L:213:C9FT8ANXX:1:1101:16663:2065	chr6	81014506	0	76	81014424	81015000	chr6	81082692	1	57	81082004	81082745
HWI-7001432L:213:C9FT8ANXX:1:1101:20469:1912	chr6	85930712	0	55	85930658	85931009	chr6	87043032	0	76	87042957	87043145
HWI-7001432L:213:C9FT8ANXX:1:1101:11940:2231	chr6	91143596	1	76	91143463	91143737	chr6	92312030	1	61	92312029	92312087
HWI-7001432L:213:C9FT8ANXX:1:1101:4367:2065	chr6	96680131	1	76	96678714	96680259	chr6	97955882	1	76	97955518	97955984
HWI-7001432L:213:C9FT8ANXX:1:1101:7757:1960	chr6	108731657	1	76	108730377	108731737	chr6	108761285	1	62	108761079	108761347
HWI-7001432L:213:C9FT8ANXX:1:1101:4963:2124#2/3	chr6	110918065	1	76	110917777	110918182	chr6	110934702	0	42	110934700	110935115
HWI-7001432L:213:C9FT8ANXX:1:1101:4963:2124~2~#3/3	chr6	110918185	0	34	110918182	110919534	chr6	110934702	0	42	110934700	110935115
HWI-7001432L:213:C9FT8ANXX:1:1101:13201:2178	chr6	118814130	1	76	118813919	118814213	chr6	118825507	1	57	118825230	118825564
HWI-7001432L:213:C9FT8ANXX:1:1101:14132:2033	chr6	119224561	0	76	119224421	119224905	chr6	163100335	0	76	163100332	163100991
HWI-7001432L:213:C9FT8ANXX:1:1101:2211:2249#2/3	chr6	123269236	1	27	123268422	123269259	chr6	123274824	1	76	123274824	123275091
HWI-7001432L:213:C9FT8ANXX:1:1101:2211:2249#3/3	chr6	123269236	1	27	123268422	123269259	chr6	123275094	0	49	123275091	123278721
HWI-7001432L:213:C9FT8ANXX:1:1101:5623:2049	chr6	125211736	0	76	125211733	125212411	chr6	125262365	0	61	125262305	125262504
HWI-7001432L:213:C9FT8ANXX:1:1101:2414:2176	chr6	125382589	0	76	125382436	125382835	chr6	125391283	0	76	125391187	125391559
HWI-7001432L:213:C9FT8ANXX:1:1101:14317:2087	chr6	125522776	1	76	125522776	125522964	chr6	147828226	0	47	147828180	147829003
HWI-7001432L:213:C9FT8ANXX:1:1101:15686:2099	chr6	128058525	0	76	128058430	128059625	chr6	128350760	0	76	128350529	128351484
HWI-7001432L:213:C9FT8ANXX:1:1101:10669:2200	chr6	137077548	1	76	137077548	137077644	chr6	137277456	0	76	137277356	137277772
HWI-7001432L:213:C9FT8ANXX:1:1101:4436:2004#3/3	chr6	148240816	0	26	148240787	148241855	chr6	148371002	1	33	148370994	148371035
HWI-7001432L:213:C9FT8ANXX:1:1101:4436:2004#2/3	chr6	148240816	0	26	148240787	148241855	chr6	148371093	0	76	148371035	148371228
HWI-7001432L:213:C9FT8ANXX:1:1101:14786:1928	chr6	150187288	1	76	150187218	150187436	chr6	150880101	0	54	150880048	150880116
HWI-7001432L:213:C9FT8ANXX:1:1101:1391:2010	chr6	158052762	0	69	158052694	158052901	chrX	82778406	0	76	82778165	82778685
HWI-7001432L:213:C9FT8ANXX:1:1101:14056:2234#1/3	chr6	161770128	0	54	161770075	161770706	chr6	161800778	1	76	161800553	161800908
HWI-7001432L:213:C9FT8ANXX:1:1101:14056:2234#3/3	chr6	161770128	0	54	161770075	161770706	chr6	161800911	0	22	161800908	161801669
HWI-7001432L:213:C9FT8ANXX:1:1101:11517:2233#3/3	chr7	2756070	1	40	2755901	2756106	chr7	69466737	1	76	69466548	69466986
HWI-7001432L:213:C9FT8ANXX:1:1101:11517:2233#1/3	chr7	2756070	1	40	2755901	2756106	chr7	69466989	0	36	69466986	69467128
HWI-7001432L:213:C9FT8ANXX:1:1101:15237:1971	chr7	9528223	1	75	9527596	9528424	chr7	25246871	1	76	25245494	25247029
HWI-7001432L:213:C9FT8ANXX:1:1101:14706:1991	chr7	10661081	1	76	10658743	10661212	chr7	10685964	0	76	10685680	10686221
HWI-7001432L:213:C9FT8ANXX:1:1101:14803:1981#2/3	chr7	13096566	0	37	13096530	13096696	chr7	14007192	1	76	14007092	14007330
HWI-7001432L:213:C9FT8ANXX:1:1101:14803:1981#3/3	chr7	13096566	0	37	13096530	13096696	chr7	14007333	0	38	14007330	14007734
HWI-7001432L:213:C9FT8ANXX:1:1101:3665:1981	chr7	13424977	0	38	13424940	13426863	chr12	55636435	0	75	55636306	55636566
HWI-7001432L:213:C9FT8ANXX:1:1101:5493:2119	chr7	13526689	0	76	13526615	13526940	chr7	79559357	1	76	79559005	79559474
HWI-7001432L:213:C9FT8ANXX:1:1101:18028:1921	chr7	17161767	1	75	17161003	17161848	chr7	17166384	1	76	17166035	17166467
HWI-7001432L:213:C9FT8ANXX:1:1101:2268:2247	chr7	25668706	1	76	25668442	25668815	chr7	26536288	1	76	26534557	26536371
HWI-7001432L:213:C9FT8ANXX:1:1101:20401:1927	chr7	30555912	0	76	30555548	30556454	chr7	30556836	0	75	30556454	30557000
HWI-7001432L:213:C9FT8ANXX:1:1101:4304:1938	chr7	30938029	0	51	30937979	30938309	chr7	45329895	0	76	45329789	45330930
HWI-7001432L:213:C9FT8ANXX:1:1101:6016:1934	chr7	35213802	0	75	35213722	35215041	chr10	131476129	0	45	131476085	131476181
HWI-7001432L:213:C9FT8ANXX:1:1101:1627:2112	chr7	39113669	0	76	39113567	39114036	chr7	89723118	1	76	89722903	89723174
HWI-7001432L:213:C9FT8ANXX:1:1101:9784:1972	chr7	40553533	0	76	40553433	40553876	chr7	57730354	1	75	57730283	57730424
HWI-7001432L:213:C9FT8ANXX:1:1101:15552:1916	chr7	43022016	1	75	43021936	43022108	chr7	47452050	0	76	47451964	47452194
HWI-7001432L:213:C9FT8ANXX:1:1101:15934:2056	chr7	45013694	1	76	45013694	45013798	chr14	73305544	0	66	73305479	73306921
HWI-7001432L:213:C9FT8ANXX:1:1101:2476:2233	chr7	45220485	0	76	45220076	45221202	chr7	55560315	1	42	55560104	55560353
HWI-7001432L:213:C9FT8ANXX:1:1101:9140:2250	chr7	50091220	1	76	50090846	50091454	chr7	50570230	0	76	50570155	50570638
HWI-7001432L:213:C9FT8ANXX:1:1101:12108:1916#2/3	chr7	52160851	1	75	52160004	52161279	chr7	91652731	0	31	91652701	91653284
HWI-7001432L:213:C9FT8ANXX:1:1101:12108:1916~2~#1/3	chr7	52161282	0	45	52161279	52161383	chr7	91652731	0	31	91652701	91653284
HWI-7001432L:213:C9FT8ANXX:1:1101:11156:2082#2/3	chr7	52467109	1	76	52466966	52467215	chr7	53251499	1	41	53251356	53251536
HWI-7001432L:213:C9FT8ANXX:1:1101:11156:2082~2~#3/3	chr7	52467218	0	35	52467215	52467375	chr7	53251499	1	41	53251356	53251536
HWI-7001432L:213:C9FT8ANXX:1:1101:8145:2184#2/3	chr7	56597683	0	53	56597680	56597971	chr7	57821621	1	76	57821621	57821749
HWI-7001432L:213:C9FT8ANXX:1:1101:8145:2184#3/3	chr7	56597683	0	53	56597680	56597971	chr7	57821752	0	23	57821749	57821916
HWI-7001432L:213:C9FT8ANXX:1:1101:7347:2119	chr7	68875343	0	76	68875117	68875471	chr12	119151610	1	52	119151610	119151619
HWI-7001432L:213:C9FT8ANXX:1:1101:11142:1993	chr7	69595393	1	76	69593128	69595475	chr7	69698829	0	76	69698663	69698901
HWI-7001432L:213:C9FT8ANXX:1:1101:17284:1947	chr7	70853252	1	61	70852888	70853309	chr7	71862985	1	54	71862805	71863035
HWI-7001432L:213:C9FT8ANXX:1:1101:5500:1940	chr7	71597181	0	76	71597101	71597261	chr20	34614486	1	54	34614072	34614536
HWI-7001432L:213:C9FT8ANXX:1:1101:4647:1970	chr7	74202739	1	75	74202677	74202884	chr20	31600314	1	76	31600263	31600441
HWI-7001432L:213:C9FT8ANXX:1:1101:20756:1919	chr7	77347436	0	49	77347384	77347713	chr15	65907847	0	75	65907845	65907942
HWI-7001432L:213:C9FT8ANXX:1:1101:5512:2128	chr7	79826026	0	76	79825872	79826331	chr7	79930756	1	46	79930372	79930798
HWI-7001432L:213:C9FT8ANXX:1:1101:1312:2063	chr7	82168305	0	76	82168207	82168990	chr7	82170842	0	76	82170720	82171676
HWI-7001432L:213:C9FT8ANXX:1:1101:7553:2154#3/3	chr7	85277140	1	27	85276593	85277163	chr7	85290292	1	76	85289038	85290443
HWI-7001432L:213:C9FT8ANXX:1:1101:7553:2154#2/3	chr7	85277140	1	27	85276593	85277163	chr7	85290446	0	49	85290443	85290992
HWI-7001432L:213:C9FT8ANXX:1:1101:9706:2095#1/3	chr7	91100624	1	30	91100433	91100650	chr7	91191866	1	46	91191866	91191924
HWI-7001432L:213:C9FT8ANXX:1:1101:9706:2095#3/3	chr7	91100624	1	30	91100433	91100650	chr7	91191954	0	76	91191924	91192318
HWI-7001432L:213:C9FT8ANXX:1:1101:11275:1945	chr7	91470198	0	75	91470102	91470242	chr7	120475070	1	76	120474849	120475173
HWI-7001432L:213:C9FT8ANXX:1:1101:21198:1988	chr7	92692880	0	75	92692736	92693329	chr7	92830500	0	76	92830414	92830735
HWI-7001432L:213:C9FT8ANXX:1:1101:6164:1988	chr7	102882368	0	76	102882365	102882473	chr7	103086467	0	75	103086352	103087994
HWI-7001432L:213:C9FT8ANXX:1:1101:1246:2100#1/3	chr7	103877400	0	29	103877372	103878095	chr7	153176090	1	76	153175145	153176221
HWI-7001432L:213:C9FT8ANXX:1:1101:1246:2100#2/3	chr7	103877400	0	29	103877372	103878095	chr7	153176224	0	47	153176221	153176331
HWI-7001432L:213:C9FT8ANXX:1:1101:15374:1976	chr7	107309513	0	75	107309399	107310266	chr7	151173644	1	76	151173644	151173801
HWI-7001432L:213:C9FT8ANXX:1:1101:5947:2193	chr7	112354238	0	76	112354161	112354297	chr7	112358036	1	58	112357251	112358090
HWI-7001432L:213:C9FT8ANXX:1:1101:12533:1933	chr7	124042014	1	75	124041917	124042091	chr7	124048800	0	76	124048592	124048850
HWI-7001432L:213:C9FT8ANXX:1:1101:8082:1998	chr7	128232654	0	76	128232467	128233031	chr7	128581555	1	76	128581555	128581835
HWI-7001432L:213:C9FT8ANXX:1:1101:16666:1977	chr7	130121810	0	22	130121789	130122135	chr8	101378294	0	76	101378035	101378828
HWI-7001432L:213:C9FT8ANXX:1:1101:1322:2234	chr7	131625964	0	76	131625788	131627218	chr7	134954536	1	76	134952707	134954665
HWI-7001432L:213:C9FT8ANXX:1:1101:12751:2025	chr7	134849850	1	76	134847349	134849926	chr10	101571398	1	76	101570950	101571595
HWI-7001432L:213:C9FT8ANXX:1:1101:5140:1958#2/3	chr7	143039341	0	40	143039302	143039744	chr7	143041877	0	36	143041874	143042518
HWI-7001432L:213:C9FT8ANXX:1:1101:5140:1958#1/3	chr7	143039341	0	40	143039302	143039744	chr7	143085983	0	75	143085596	143086572
HWI-7001432L:213:C9FT8ANXX:1:1101:5140:1958~2~#3/3	chr7	143041877	0	36	143041874	143042518	chr7	143085983	0	75	143085596	143086572
HWI-7001432L:213:C9FT8ANXX:1:1101:8002:2082	chr7	150353224	0	76	150353014	150353683	chr7	151039727	1	69	151039216	151039792
HWI-7001432L:213:C9FT8ANXX:1:1101:16728:1922	chr7	150461785	1	75	150461450	150462050	chr7	150844583	1	76	150844107	150844839
HWI-7001432L:213:C9FT8ANXX:1:1101:5577:2047	chr8	1738264	0	76	1738194	1738860	chr8	1774426	1	76	1773703	1774542
HWI-7001432L:213:C9FT8ANXX:1:1101:7087:2078	chr8	5621126	1	76	5620944	5621194	chr8	11315112	1	76	11315112	11315362
HWI-7001432L:213:C9FT8ANXX:1:1101:14378:2146#3/3	chr8	17125861	0	53	17125809	17126107	chr14	98962545	1	23	98962545	98962948
HWI-7001432L:213:C9FT8ANXX:1:1101:14378:2146#2/3	chr8	17125861	0	53	17125809	17126107	chr14	98962950	0	76	98962948	98963612
HWI-7001432L:213:C9FT8ANXX:1:1101:8610:1907	chr8	19421873	0	53	19421871	19421929	chr8	19422070	1	76	19421929	19422253
HWI-7001432L:213:C9FT8ANXX:1:1101:3690:2061	chr8	22346064	1	76	22345982	22346175	chr8	92054396	0	76	92054186	92054772
HWI-7001432L:213:C9FT8ANXX:1:1101:3453:2148	chr8	27283048	1	76	27282227	27283171	chr11	6504934	1	76	6504934	6505022
HWI-7001432L:213:C9FT8ANXX:1:1101:4750:2141	chr8	28771002	1	52	28770581	28771051	chr8	34179951	1	76	34179433	34180063
HWI-7001432L:213:C9FT8ANXX:1:1101:17810:1996	chr8	37002694	0	76	37002519	37002995	chr8	119022137	1	76	119021704	119022248
HWI-7001432L:213:C9FT8ANXX:1:1101:9633:2057	chr8	37277593	0	76	37277455	37277651	chr8	37375353	0	25	37375329	37376121
HWI-7001432L:213:C9FT8ANXX:1:1101:14308:2122	chr8	37621026	1	76	37620477	37621167	chr8	37624790	1	76	37624532	37624866
HWI-7001432L:213:C9FT8ANXX:1:1101:16807:2241	chr8	39315576	0	57	39315520	39315743	chr15	90496479	1	76	90496281	90496546
HWI-7001432L:213:C9FT8ANXX:1:1101:2029:2074	chr8	40518362	0	33	40518330	40519144	chr14	32020414	0	76	32020256	32020507
HWI-7001432L:213:C9FT8ANXX:1:1101:12795:1958	chr8	41517629	0	62	41517568	41517998	chr10	49850948	1	75	49850648	49851196
HWI-7001432L:213:C9FT8ANXX:1:1101:14308:2007	chr8	47233626	0	76	47233491	47233942	chr8	57533829	0	76	57533728	57534091
HWI-7001432L:213:C9FT8ANXX:1:1101:4567:2082	chr8	50200644	1	76	50200398	50200770	chr8	51584663	0	76	51584566	51586221
HWI-7001432L:213:C9FT8ANXX:1:1101:10070:2084	chr8	52111961	0	65	52111897	52112361	chr8	52174138	0	76	52174119	52174577
HWI-7001432L:213:C9FT8ANXX:1:1101:8602:2126	chr8	52543224	0	76	52543044	52543550	chrX	22589747	1	76	22589313	22590252
HWI-7001432L:213:C9FT8ANXX:1:1101:13662:2194	chr8	57707219	0	44	57707176	57708239	chr8	58617458	0	76	58617312	58617765
HWI-7001432L:213:C9FT8ANXX:1:1101:8931:2044	chr8	61041175	0	43	61041129	61041459	chr8	61048597	1	76	61048195	61048698
HWI-7001432L:213:C9FT8ANXX:1:1101:6487:2153	chr8	62202821	0	76	62202752	62202973	chr8	62209695	0	76	62209451	62210290
HWI-7001432L:213:C9FT8ANXX:1:1101:5683:1943#2/3	chr8	64559775	0	36	64559740	64560057	chr8	65781370	1	76	65781370	65781579
HWI-7001432L:213:C9FT8ANXX:1:1101:5683:1943#1/3	chr8	64559775	0	36	64559740	64560057	chr8	65781582	0	39	65781579	65782081
HWI-7001432L:213:C9FT8ANXX:1:1101:14845:2077	chr8	75083705	1	76	75083397	75083803	chr8	94150110	1	76	94149720	94150237
HWI-7001432L:213:C9FT8ANXX:1:1101:6916:2100	chr8	80309898	0	76	80309695	80310129	chr8	80329837	1	51	80329749	80329884
HWI-7001432L:213:C9FT8ANXX:1:1101:8141:1916#1/3	chr8	82139381	1	26	82138578	82139403	chr8	83306806	1	76	83306253	83306988
HWI-7001432L:213:C9FT8ANXX:1:1101:8141:1916#2/3	chr8	82139381	1	26	82138578	82139403	chr8	83306991	0	49	83306988	83307095
HWI-7001432L:213:C9FT8ANXX:1:1101:2541:2037	chr8	83859798	0	76	83859690	83859921	chr8	90441510	1	76	90441337	90441585
HWI-7001432L:213:C9FT8ANXX:1:1101:10961:2108	chr8	90516998	1	76	90516706	90517187	chr8	90546329	0	76	90546199	90546579
HWI-7001432L:213:C9FT8ANXX:1:1101:10342:2249	chr8	93701307	1	76	93699472	93701470	chr8	93735971	1	76	93735725	93736118
HWI-7001432L:213:C9FT8ANXX:1:1101:18197:1953	chr8	98748424	0	76	98748333	98751336	chr8	98869117	1	75	98868928	98869197
HWI-7001432L:213:C9FT8ANXX:1:1101:12989:2121	chr8	107301576	0	76	107301402	107302721	chr8	108759236	0	76	108759162	108759576
HWI-7001432L:213:C9FT8ANXX:1:1101:6097:1917	chr8	107512732	0	75	107512430	107512925	chr11	36575531	1	76	36575049	36575633
HWI-7001432L:213:C9FT8ANXX:1:1101:1320:2135	chr8	109011453	1	76	109010744	109011667	chr8	129023233	0	62	129023172	129024012
HWI-7001432L:213:C9FT8ANXX:1:1101:2239:2093	chr8	109190174	0	76	109190171	109190417	chr8	110435322	1	76	110433660	110435978
HWI-7001432L:213:C9FT8ANXX:1:1101:3207:2070	chr8	113881203	0	76	113881055	113881884	chr8	121530981	1	76	121530780	121531082
HWI-7001432L:213:C9FT8ANXX:1:1101:13848:2071	chr8	117620064	0	57	117620008	117620254	chr13	89281644	0	76	89281564	89282007
HWI-7001432L:213:C9FT8ANXX:1:1101:3594:2079	chr8	123712903	0	76	123712804	123713199	chr8	125142641	1	76	125142200	125142840
HWI-7001432L:213:C9FT8ANXX:1:1101:7863:2200	chr8	127161750	1	76	127161562	127161955	chr8	129201959	0	76	129201882	129202333
HWI-7001432L:213:C9FT8ANXX:1:1101:7546:2081#1/3	chr8	129782287	1	76	129781937	129782361	chr8	130074256	1	56	130073872	130074308
HWI-7001432L:213:C9FT8ANXX:1:1101:7546:2081~2~#3/3	chr8	129782364	0	20	129782361	129782681	chr8	130074256	1	56	130073872	130074308
HWI-7001432L:213:C9FT8ANXX:1:1101:2214:2224	chr8	130422764	0	76	130422627	130422894	chr8	130495078	0	76	130494997	130495814
HWI-7001432L:213:C9FT8ANXX:1:1101:17585:1975	chr8	132610098	1	75	132609732	132610203	chr8	139901949	1	76	139901287	139902087
HWI-7001432L:213:C9FT8ANXX:1:1101:7831:2206	chr8	132958404	1	76	132956419	132958496	chr8	132983815	1	76	132983140	132983958
HWI-7001432L:213:C9FT8ANXX:1:1101:12869:1959	chr8	134156794	0	75	134156685	134157175	chr8	134166894	1	76	134166715	134167054
HWI-7001432L:213:C9FT8ANXX:1:1101:11321:2025	chr8	134330606	0	76	134330422	134331016	chr18	2495815	0	25	2495791	2495985
HWI-7001432L:213:C9FT8ANXX:1:1101:1469:2142	chr8	138416334	0	54	138416280	138416774	chr8	138624605	0	76	138624445	138624725
HWI-7001432L:213:C9FT8ANXX:1:1101:6726:2182	chr8	141560011	1	66	141560002	141560073	chr8	141788804	1	76	141788748	141788942
HWI-7001432L:213:C9FT8ANXX:1:1101:10089:2056	chr9	3897075	1	76	3896758	3897287	chr9	3898645	1	76	3898592	3898995
HWI-7001432L:213:C9FT8ANXX:1:1101:9882:2053	chr9	7391917	1	26	7391771	7391938	chr9	14195863	0	76	14195658	14195999
HWI-7001432L:213:C9FT8ANXX:1:1101:18060:1915	chr9	16080457	1	75	16080280	16080522	chr9	16304865	1	76	16304644	16305146
HWI-7001432L:213:C9FT8ANXX:1:1101:7060:2022	chr9	26108563	0	76	26108560	26108695	chr9	26738716	1	76	26738375	26738818
HWI-7001432L:213:C9FT8ANXX:1:1101:10128:2068	chr9	28463734	0	76	28463513	28464202	chr9	29510767	1	76	29510079	29511032
HWI-7001432L:213:C9FT8ANXX:1:1101:2697:2184	chr9	36987728	0	76	36987551	36988072	chr9	37341891	0	76	37341804	37342040
HWI-7001432L:213:C9FT8ANXX:1:1101:10175:2013	chr9	37078054	1	61	37076105	37078112	chr9	37087597	0	76	37087451	37088036
HWI-7001432L:213:C9FT8ANXX:1:1101:3407:2090	chr9	68524719	1	76	68524302	68524787	chr9	68553574	0	76	68553481	68555884
HWI-7001432L:213:C9FT8ANXX:1:1101:7237:2154#1/3	chr9	70393760	1	41	70393113	70393797	chr9	70506406	1	76	70506107	70506522
HWI-7001432L:213:C9FT8ANXX:1:1101:7237:2154#3/3	chr9	70393760	1	41	70393113	70393797	chr9	70506525	0	35	70506522	70506693
HWI-7001432L:213:C9FT8ANXX:1:1101:8952:2198#3/3	chr9	72138924	1	76	72138597	72139147	chr9	72147949	0	29	72147921	72149168
HWI-7001432L:213:C9FT8ANXX:1:1101:8952:2198~2~#2/3	chr9	72139150	0	47	72139147	72139489	chr9	72147949	0	29	72147921	72149168
HWI-7001432L:213:C9FT8ANXX:1:1101:14412:2084	chr9	90432725	0	76	90432515	90433730	chr10	10145732	1	56	10145418	10145784
HWI-7001432L:213:C9FT8ANXX:1:1101:8999:2197	chr9	95063256	1	76	95063256	95063341	chr9	95132890	1	76	95131522	95133059
HWI-7001432L:213:C9FT8ANXX:1:1101:7618:1915	chr9	98331676	0	76	98331559	98331883	chr9	98647262	1	45	98647260	98647304
HWI-7001432L:213:C9FT8ANXX:1:1101:15056:1910	chr9	101287857	0	75	101287739	101287941	chr9	121891655	1	53	121891455	121891704
HWI-7001432L:213:C9FT8ANXX:1:1101:3584:2034	chr9	109293288	1	76	109291983	109293446	chr9	109721550	0	76	109721539	109721730
HWI-7001432L:213:C9FT8ANXX:1:1101:16980:2105	chr9	111384826	1	36	111384256	111384858	chr10	68789713	0	76	68789480	68790130
HWI-7001432L:213:C9FT8ANXX:1:1101:2150:2044	chr9	112558680	1	76	112558176	112558791	chr19	9890308	1	26	9889313	9890331
HWI-7001432L:213:C9FT8ANXX:1:1101:16632:2090	chr9	122073879	1	76	122073632	122074049	chr10	93667502	1	76	93665804	93667664
HWI-7001432L:213:C9FT8ANXX:1:1101:6504:2046	chr9	125642931	1	76	125642931	125643138	chr9	126407828	1	58	126407142	126407882
HWI-7001432L:213:C9FT8ANXX:1:1101:10900:1971	chr9	129439959	1	76	129439181	129440123	chr18	44103584	0	75	44103515	44104284
HWI-7001432L:213:C9FT8ANXX:1:1101:11150:2217	chr9	131402482	0	76	131402337	131402972	chr9	131412275	0	76	131412189	131412897
HWI-7001432L:213:C9FT8ANXX:1:1101:13366:2092	chr9	134145559	0	76	134145337	134146028	chr9	134155132	0	76	134154980	134157900
HWI-7001432L:213:C9FT8ANXX:1:1101:14259:2243~2~	chr10	85806	0	34	85769	85811	chr10	1048425	1	76	1048085	1048596
HWI-7001432L:213:C9FT8ANXX:1:1101:2940:2107	chr10	1470995	1	76	1470853	1471124	chr12	60322323	0	76	60322085	60322532
HWI-7001432L:213:C9FT8ANXX:1:1101:20959:1991	chr10	3811630	0	75	3811482	3812316	chr10	8204282	0	48	8204235	8205073
HWI-7001432L:213:C9FT8ANXX:1:1101:13953:1950	chr10	5364946	1	67	5364722	5365009	chr10	5427068	1	76	5426798	5427285
HWI-7001432L:213:C9FT8ANXX:1:1101:2461:2213	chr10	6869442	0	61	6869439	6869506	chr11	43390020	0	76	43389775	43390222
HWI-7001432L:213:C9FT8ANXX:1:1101:2578:2092	chr10	11794046	0	76	11793964	11794565	chr11	73865206	1	76	73865029	73865388
HWI-7001432L:213:C9FT8ANXX:1:1101:10673:2060	chr10	14470180	0	54	14470127	14470396	chr10	14740065	1	34	14739458	14740095
HWI-7001432L:213:C9FT8ANXX:1:1101:15107:1913	chr10	18841698	0	56	18841643	18842729	chr10	18971963	0	76	18971827	18972294
HWI-7001432L:213:C9FT8ANXX:1:1101:3421:2047	chr10	25199824	0	76	25199645	25200653	chr10	25263121	1	62	25262116	25263179
HWI-7001432L:213:C9FT8ANXX:1:1101:16124:2017	chr10	32569827	0	76	32569666	32570272	chr10	33355170	1	76	33354744	33355307
HWI-7001432L:213:C9FT8ANXX:1:1101:14776:1915	chr10	51044294	0	75	51044199	51045157	chr10	51068455	0	76	51068288	51069493
HWI-7001432L:213:C9FT8ANXX:1:1101:6159:2118	chr10	54985999	0	76	54985799	54987421	chr10	67000710	0	76	67000627	67001079
HWI-7001432L:213:C9FT8ANXX:1:1101:15464:1986	chr10	56567705	0	75	56567394	56568305	chr20	55530727	0	59	55530669	55531474
HWI-7001432L:213:C9FT8ANXX:1:1101:8437:2057	chr10	57982912	1	76	57982912	57983079	chr10	58884726	1	76	58884252	58884890
HWI-7001432L:213:C9FT8ANXX:1:1101:9396:2173	chr10	64781185	0	76	64781010	64781656	chr10	64994930	0	76	64994815	64995529
HWI-7001432L:213:C9FT8ANXX:1:1101:5452:2084	chr10	67657295	0	76	67657168	67657622	chr14	74547293	0	25	74547290	74548097
HWI-7001432L:213:C9FT8ANXX:1:1101:8083:2130	chr10	68370558	1	76	68370558	68370689	chr10	69019455	0	62	69019394	69019709
HWI-7001432L:213:C9FT8ANXX:1:1101:1259:2225	chr10	74972703	0	55	74972649	74973098	chr10	75241319	0	76	75241175	75241333
HWI-7001432L:213:C9FT8ANXX:1:1101:11790:2159	chr10	75714817	0	76	75714712	75715198	chr10	75759588	1	30	75759363	75759614
HWI-7001432L:213:C9FT8ANXX:1:1101:7545:1976	chr10	75811693	0	75	75811563	75812271	chr10	77151531	0	68	77151464	77151702
HWI-7001432L:213:C9FT8ANXX:1:1101:10174:1973	chr10	77116276	0	76	77116183	77116696	chr10	77778211	1	75	77778166	77778452
HWI-7001432L:213:C9FT8ANXX:1:1101:11220:1930~2~#3/3	chr10	77180409	1	35	77180409	77180901	chr10	77407223	1	41	77406763	77407260
HWI-7001432L:213:C9FT8ANXX:1:1101:6905:2157	chr10	80970768	1	76	80970768	80970964	chr10	94789205	1	76	94788903	94789352
HWI-7001432L:213:C9FT8ANXX:1:1101:2740:1976#3/3	chr10	82778506	1	56	82778234	82778558	chr10	82782529	1	76	82782272	82782651
HWI-7001432L:213:C9FT8ANXX:1:1101:2740:1976#1/3	chr10	82778506	1	56	82778234	82778558	chr10	82782654	0	19	82782651	82782818
HWI-7001432L:213:C9FT8ANXX:1:1101:6704:2179#2/3	chr10	84159003	1	48	84158654	84159047	chr10	89613580	1	76	89612467	89613769
HWI-7001432L:213:C9FT8ANXX:1:1101:6704:2179#3/3	chr10	84159003	1	48	84158654	84159047	chr10	89613772	0	28	89613769	89614574
HWI-7001432L:213:C9FT8ANXX:1:1101:10964:2243~2~#2/3	chr10	85988900	1	23	85988900	85989135	chrX	151155997	0	53	151155945	151156417
HWI-7001432L:213:C9FT8ANXX:1:1101:10964:2243#3/3	chr10	85989138	0	76	85989135	85989594	chrX	151155997	0	53	151155945	151156417
HWI-7001432L:213:C9FT8ANXX:1:1101:6522:2154	chr10	93030844	0	49	93030796	93031137	chr16	4192782	0	76	4192639	4192819
HWI-7001432L:213:C9FT8ANXX:1:1101:5353:2223	chr10	95830754	1	76	95830754	95831084	chr10	95843301	0	76	95843136	95843857
HWI-7001432L:213:C9FT8ANXX:1:1101:2132:2238	chr10	97856120	0	76	97855997	97856838	chr10	97865081	1	76	97864880	97865354
HWI-7001432L:213:C9FT8ANXX:1:1101:17950:1977	chr10	100830678	1	75	100830025	100830782	chr10	104005508	0	76	104005312	104006371
HWI-7001432L:213:C9FT8ANXX:1:1101:3555:2001#2/3	chr10	101054823	0	76	101054689	101055694	chr19	41001149	1	30	41001149	41001336
HWI-7001432L:213:C9FT8ANXX:1:1101:3555:2001#3/3	chr10	101054823	0	76	101054689	101055694	chr19	41545948	1	46	41545723	41545990
HWI-7001432L:213:C9FT8ANXX:1:1101:14116:2024#1/3	chr10	101585307	0	41	101585267	101585666	chr10	106407745	1	76	106407044	106407901
HWI-7001432L:213:C9FT8ANXX:1:1101:14116:2024#3/3	chr10	101585307	0	41	101585267	101585666	chr10	106407904	0	35	106407901	106408498
HWI-7001432L:213:C9FT8ANXX:1:1101:1970:1964	chr10	105673115	0	75	105673113	105673201	chr10	105925367	1	76	105924895	105925565
HWI-7001432L:213:C9FT8ANXX:1:1101:7620:1980	chr10	108884005	1	66	108883927	108884067	chr10	120270389	0	75	120270220	120270418
HWI-7001432L:213:C9FT8ANXX:1:1101:8478:2028#2/3	chr10	111221494	1	41	111221009	111221531	chr10	132515364	1	76	132514815	132515508
HWI-7001432L:213:C9FT8ANXX:1:1101:8478:2028#3/3	chr10	111221494	1	41	111221009	111221531	chr10	132515511	0	35	132515508	132515603
HWI-7001432L:213:C9FT8ANXX:1:1101:15378:1949#1/3	chr10	118906472	0	28	118906445	118907163	chr10	119055167	1	75	119054491	119055396
HWI-7001432L:213:C9FT8ANXX:1:1101:15378:1949#3/3	chr10	118906472	0	28	118906445	118907163	chr10	119055399	0	48	119055396	119055403
HWI-7001432L:213:C9FT8ANXX:1:1101:5053:2112	chr11	8903096	1	76	8903096	8903526	chr11	8905364	0	76	8905200	8906437
HWI-7001432L:213:C9FT8ANXX:1:1101:2182:1954#2/3	chr11	9275092	1	76	9275075	9275466	chr17	14100486	1	33	14099704	14100515
HWI-7001432L:213:C9FT8ANXX:1:1101:2182:1954~2~#1/3	chr11	9275469	0	42	9275466	9275628	chr17	14100486	1	33	14099704	14100515
HWI-7001432L:213:C9FT8ANXX:1:1101:2137:2199	chr11	15335070	0	76	15334985	15336265	chr11	106671142	0	76	106671003	106671323
HWI-7001432L:213:C9FT8ANXX:1:1101:3053:2208	chr11	16150944	0	76	16150869	16151349	chr11	16178591	1	76	16178435	16178715
HWI-7001432L:213:C9FT8ANXX:1:1101:12550:2036	chr11	19677624	0	76	19677437	19677703	chr11	19760974	0	76	19760904	19761106
HWI-7001432L:213:C9FT8ANXX:1:1101:16538:2174	chr11	19746603	0	39	19746565	19747580	chr11	28613222	1	76	28612344	28613340
HWI-7001432L:213:C9FT8ANXX:1:1101:9095:2141	chr11	20114303	1	58	20113962	20114357	chr13	40164730	0	76	40164645	40164977
HWI-7001432L:213:C9FT8ANXX:1:1101:11202:2056	chr11	22633845	0	76	22633743	22634223	chr11	22664864	0	76	22664732	22664978
HWI-7001432L:213:C9FT8ANXX:1:1101:9335:1940	chr11	25716203	0	76	25715941	25716675	chr11	25718490	0	75	25718358	25719305
HWI-7001432L:213:C9FT8ANXX:1:1101:6025:2170#2/3	chr11	29824281	0	41	29824241	29824417	chr11	30625033	1	76	30624800	30625294
HWI-7001432L:213:C9FT8ANXX:1:1101:6025:2170#1/3	chr11	29824281	0	41	29824241	29824417	chr11	30625297	0	35	30625294	30625403
HWI-7001432L:213:C9FT8ANXX:1:1101:19077:1926	chr11	33048352	1	76	33048204	33048543	chr11	33049399	0	75	33049201	33049498
HWI-7001432L:213:C9FT8ANXX:1:1101:10201:2033	chr11	34198300	1	76	34198201	34198376	chr11	34223958	1	64	34223778	34224018
HWI-7001432L:213:C9FT8ANXX:1:1101:6680:2086	chr11	38666846	0	76	38666753	38667742	chr15	36977731	1	46	36977505	36977773
HWI-7001432L:213:C9FT8ANXX:1:1101:15767:2044	chr11	39881565	1	76	39881565	39881724	chr11	40123213	1	76	40123125	40123327
HWI-7001432L:213:C9FT8ANXX:1:1101:10073:1977	chr11	44078242	0	55	44078184	44078608	chr11	44192951	1	75	44192697	44193274
HWI-7001432L:213:C9FT8ANXX:1:1101:10824:2107#3/3	chr11	45507390	1	25	45506670	45507415	chr20	60706715	1	76	60705654	60706760
HWI-7001432L:213:C9FT8ANXX:1:1101:10824:2107#1/3	chr11	45507390	1	25	45506670	45507415	chr20	60706858	0	43	60706760	60706860
HWI-7001432L:213:C9FT8ANXX:1:1101:11355:2171	chr11	45537720	1	76	45537048	45537754	chr16	87214377	1	76	87214377	87214469
HWI-7001432L:213:C9FT8ANXX:1:1101:1374:2186	chr11	57485664	0	57	57485608	57485944	chr11	57524828	0	76	57524456	57525165
HWI-7001432L:213:C9FT8ANXX:1:1101:5841:1992	chr11	60382719	1	76	60382699	60382984	chr11	60477522	0	76	60477325	60478318
HWI-7001432L:213:C9FT8ANXX:1:1101:10002:2076#2/3	chr11	60977777	0	45	60977733	60978200	chr11	60988088	1	76	60988088	60988353
HWI-7001432L:213:C9FT8ANXX:1:1101:10002:2076#1/3	chr11	60977777	0	45	60977733	60978200	chr11	60988356	0	31	60988353	60988691
HWI-7001432L:213:C9FT8ANXX:1:1101:18822:1941	chr11	68008187	1	75	68007788	68008354	chr11	68073048	0	76	68072946	68073273
HWI-7001432L:213:C9FT8ANXX:1:1101:3445:2202	chr11	69948307	0	76	69948198	69948534	chr11	124876736	0	65	124876668	124876808
HWI-7001432L:213:C9FT8ANXX:1:1101:14205:2036	chr11	83962936	1	76	83962626	83963288	chr11	87597038	0	76	87596960	87598835
HWI-7001432L:213:C9FT8ANXX:1:1101:14545:1946	chr11	89048062	1	75	89048061	89048450	chr11	89071015	1	76	89069594	89071230
HWI-7001432L:213:C9FT8ANXX:1:1101:8942:2140	chr11	90363596	1	63	90362409	90363655	chr11	90766867	1	76	90765781	90767409
HWI-7001432L:213:C9FT8ANXX:1:1101:2480:1932	chr11	91598178	0	76	91598034	91598337	chr21	39332013	0	75	39331907	39332642
HWI-7001432L:213:C9FT8ANXX:1:1101:2532:2232	chr11	96217288	0	60	96217229	96217675	chr16	85780172	0	76	85779831	85780429
HWI-7001432L:213:C9FT8ANXX:1:1101:5222:2029	chr11	96398904	1	76	96397654	96399073	chr11	104021193	0	46	104021148	104021621
HWI-7001432L:213:C9FT8ANXX:1:1101:12110:2222	chr11	98024708	0	76	98024705	98024721	chr11	99145249	0	76	99145133	99145256
HWI-7001432L:213:C9FT8ANXX:1:1101:2563:2009	chr11	102115921	1	76	102115730	102116069	chr11	102354332	1	76	102354055	102354437
HWI-7001432L:213:C9FT8ANXX:1:1101:4084:2153	chr11	104493354	0	76	104493245	104493404	chr11	133067304	0	38	133067267	133067762
HWI-7001432L:213:C9FT8ANXX:1:1101:9603:2202#2/3	chr11	105387796	1	38	105387377	105387830	chr11	105960932	1	76	105960323	105961075
HWI-7001432L:213:C9FT8ANXX:1:1101:9603:2202#1/3	chr11	105387796	1	38	105387377	105387830	chr11	105961078	0	38	105961075	105962180
HWI-7001432L:213:C9FT8ANXX:1:1101:11200:2240	chr11	106689499	1	76	106688991	106689628	chr11	107658432	1	76	107658149	107658711
HWI-7001432L:213:C9FT8ANXX:1:1101:7188:2204	chr11	110715259	1	76	110714566	110715410	chr11	110718286	0	66	110718220	110718697
HWI-7001432L:213:C9FT8ANXX:1:1101:15314:2051#1/3	chr11	118797596	0	58	118797539	118798492	chr17	43336659	1	18	43336659	43336773
HWI-7001432L:213:C9FT8ANXX:1:1101:15314:2051#3/3	chr11	118797596	0	58	118797539	118798492	chr17	43336776	0	39	43336773	43337125
HWI-7001432L:213:C9FT8ANXX:1:1101:4186:1947	chr11	120965843	0	76	120965678	120965890	chr11	121617295	0	68	121617228	121617580
HWI-7001432L:213:C9FT8ANXX:1:1101:12930:2237	chr11	121701843	0	76	121701281	121701990	chr11	121716561	0	76	121716558	121716684
HWI-7001432L:213:C9FT8ANXX:1:1101:12170:2183	chr11	121964093	1	76	121963859	121964253	chr11	131393391	0	76	131393281	131393497
HWI-7001432L:213:C9FT8ANXX:1:1101:12571:2245	chr11	126179123	1	76	126178930	126179224	chr11	126279214	0	76	126279211	126279499
HWI-7001432L:213:C9FT8ANXX:1:1101:6293:2010#3/3	chr11	126416516	1	39	126416379	126416551	chr11	126731732	1	76	126731732	126731857
HWI-7001432L:213:C9FT8ANXX:1:1101:6293:2010#1/3	chr11	126416516	1	39	126416379	126416551	chr11	126731860	0	37	126731857	126732453
HWI-7001432L:213:C9FT8ANXX:1:1101:20489:1939	chr11	131630323	0	76	131630241	131630522	chr11	134031735	1	75	134031364	134031913
HWI-7001432L:213:C9FT8ANXX:1:1101:8112:1925	chr12	1901089	0	76	1901007	1901344	chr12	1933783	0	75	1933677	1934309
HWI-7001432L:213:C9FT8ANXX:1:1101:5306:2239#2/3	chr12	5207556	1	76	5207009	5207714	chr12	5227054	0	24	5227031	5227479
HWI-7001432L:213:C9FT8ANXX:1:1101:5306:2239~2~#3/3	chr12	5207717	0	52	5207714	5207726	chr12	5227054	0	24	5227031	5227479
HWI-7001432L:213:C9FT8ANXX:1:1101:2754:2198	chr12	10477869	1	76	10477753	10477949	chr12	10483986	1	76	10483472	10484061
HWI-7001432L:213:C9FT8ANXX:1:1101:14575:1998	chr12	13895539	1	76	13895539	13895787	chr12	14049616	1	76	14049373	14049779
HWI-7001432L:213:C9FT8ANXX:1:1101:5421:2127	chr12	14703126	1	76	14702971	14703205	chr12	15461030	0	76	15460897	15461207
HWI-7001432L:213:C9FT8ANXX:1:1101:7102:1945	chr12	16043311	0	75	16043228	16043651	chr12	114881443	0	47	114881397	114882113
HWI-7001432L:213:C9FT8ANXX:1:1101:16908:2101	chr12	23921140	0	76	23920969	23921223	chr12	25111019	0	76	25110748	25111298
HWI-7001432L:213:C9FT8ANXX:1:1101:10238:1975	chr12	24847981	1	76	24846955	24848164	chr12	26231646	1	75	26231344	26231717
HWI-7001432L:213:C9FT8ANXX:1:1101:14116:2187	chr12	25239416	1	76	25238370	25239517	chr13	106432035	0	65	106431967	106432439
HWI-7001432L:213:C9FT8ANXX:1:1101:14515:2109	chr12	25401756	0	76	25401677	25402664	chr12	25459393	0	76	25459313	25459876
HWI-7001432L:213:C9FT8ANXX:1:1101:3139:2219	chr12	25795236	1	76	25794278	25795360	chr12	29303229	1	76	29302634	29303353
HWI-7001432L:213:C9FT8ANXX:1:1101:11473:2208	chr12	28236238	0	76	28236137	28237077	chr12	37410134	0	76	37409755	37413999
HWI-7001432L:213:C9FT8ANXX:1:1101:19493:1940	chr12	31149262	0	75	31149059	31149268	chr12	45266143	0	76	45265927	45266150
HWI-7001432L:213:C9FT8ANXX:1:1101:13066:2175	chr12	38102689	0	76	38102542	38104647	chr18	40370358	0	76	40370228	40370529
HWI-7001432L:213:C9FT8ANXX:1:1101:20684:1922	chr12	43994705	0	76	43994511	43995053	chr12	44029375	1	50	44028836	44029421
HWI-7001432L:213:C9FT8ANXX:1:1101:4632:2130	chr12	46648432	1	76	46647960	46648685	chr20	41975753	0	29	41975721	41975888
HWI-7001432L:213:C9FT8ANXX:1:1101:12686:2111	chr12	46771226	0	25	46771202	46771521	chr12	60378497	0	76	60378348	60378953
HWI-7001432L:213:C9FT8ANXX:1:1101:17363:1916	chr12	55025452	1	66	55024184	55025520	chr12	55061167	0	42	55061122	55061544
HWI-7001432L:213:C9FT8ANXX:1:1101:13479:2090#2/3	chr12	58132844	1	65	58132696	58132905	chr12	58320805	1	35	58320060	58320836
HWI-7001432L:213:C9FT8ANXX:1:1101:13479:2090~2~#1/3	chr12	58132908	0	41	58132905	58133446	chr12	58320805	1	35	58320060	58320836
HWI-7001432L:213:C9FT8ANXX:1:1101:13053:2041	chr12	59032637	0	76	59032520	59033473	chr12	59126028	0	76	59125929	59127395
HWI-7001432L:213:C9FT8ANXX:1:1101:11794:1913#1/3	chr12	64864157	1	54	64863279	64864207	chr12	121289844	1	76	121289844	121289978
HWI-7001432L:213:C9FT8ANXX:1:1101:11794:1913#3/3	chr12	64864157	1	54	64863279	64864207	chr12	84881439	0	21	84881436	84883103
HWI-7001432L:213:C9FT8ANXX:1:1101:2880:2078	chr12	74998462	0	76	74998167	74998711	chr12	129783676	0	52	129783625	129783838
HWI-7001432L:213:C9FT8ANXX:1:1101:10854:2184#1/3	chr12	75428314	1	76	75427773	75428434	chr15	97123154	1	33	97122546	97123183
HWI-7001432L:213:C9FT8ANXX:1:1101:10854:2184~2~#2/3	chr12	75428437	0	43	75428434	75428640	chr15	97123154	1	33	97122546	97123183
HWI-7001432L:213:C9FT8ANXX:1:1101:4053:2071	chr12	78183563	0	62	78183502	78183761	chr12	90398230	1	76	90398057	90398310
HWI-7001432L:213:C9FT8ANXX:1:1101:2908:2131	chr12	79570450	1	76	79569986	79570639	chr12	79574422	0	76	79574306	79575304
HWI-7001432L:213:C9FT8ANXX:1:1101:5181:1969#2/3	chr12	80971229	0	37	80971193	80971862	chr12	80991375	1	75	80990629	80991544
HWI-7001432L:213:C9FT8ANXX:1:1101:5181:1969#3/3	chr12	80971229	0	37	80971193	80971862	chr12	80991547	0	39	80991544	80991749
HWI-7001432L:213:C9FT8ANXX:1:1101:1275:1958	chr12	83621095	0	75	83621017	83621138	chr12	83621206	0	69	83621169	83621567
HWI-7001432L:213:C9FT8ANXX:1:1101:11794:1913~2~#2/3	chr12	84881439	0	21	84881436	84883103	chr12	121289844	1	76	121289844	121289978
HWI-7001432L:213:C9FT8ANXX:1:1101:16535:1935	chr12	88119615	0	41	88119575	88120157	chr12	88131829	0	76	88131501	88132096
HWI-7001432L:213:C9FT8ANXX:1:1101:6758:1936	chr12	89904744	0	42	89904699	89905282	chr12	89996218	1	76	89996003	89996362
HWI-7001432L:213:C9FT8ANXX:1:1101:5786:1915	chr12	94607938	0	75	94607644	94608347	chr12	94635098	1	47	94634567	94635141
HWI-7001432L:213:C9FT8ANXX:1:1101:1953:2193#1/3	chr12	96046898	1	27	96046339	96046921	chr12	98269931	1	76	98269482	98270031
HWI-7001432L:213:C9FT8ANXX:1:1101:1953:2193#3/3	chr12	96046898	1	27	96046339	96046921	chr12	98270034	0	49	98270031	98270072
HWI-7001432L:213:C9FT8ANXX:1:1101:2321:2201	chr12	104304355	0	19	104304337	104304676	chr12	105034111	0	76	105033872	105034762
HWI-7001432L:213:C9FT8ANXX:1:1101:3531:2211#2/3	chr12	104587323	1	76	104586827	104587461	chr12	104995018	1	38	104994298	104995052
HWI-7001432L:213:C9FT8ANXX:1:1101:3531:2211~2~#1/3	chr12	104587464	0	38	104587461	104588004	chr12	104995018	1	38	104994298	104995052
HWI-7001432L:213:C9FT8ANXX:1:1101:3574:1985	chr12	105392365	0	75	105392292	105393290	chr12	105399631	0	76	105399521	105400348
HWI-7001432L:213:C9FT8ANXX:1:1101:11940:2083	chr12	109525381	1	76	109525381	109525518	chr12	116485114	1	76	116484830	116485220
HWI-7001432L:213:C9FT8ANXX:1:1101:4228:2127	chr12	113390169	0	76	113390098	113391173	chr12	113419583	0	76	113419344	113420066
HWI-7001432L:213:C9FT8ANXX:1:1101:13045:2186	chr12	114607941	0	58	114607880	114608141	chr12	114622204	0	76	114621999	114623229
HWI-7001432L:213:C9FT8ANXX:1:1101:5784:2109	chr12	116718320	0	76	116718247	116719684	chr12	116728442	0	76	116728212	116729023
HWI-7001432L:213:C9FT8ANXX:1:1101:9439:1932	chr12	119940474	1	30	119940325	119940500	chr12	122477533	0	76	122477376	122477561
HWI-7001432L:213:C9FT8ANXX:1:1101:9312:2125	chr12	123637133	0	76	123636996	123637312	chr12	123732637	1	76	123732397	123732707
HWI-7001432L:213:C9FT8ANXX:1:1101:10004:2138#1/3	chr12	132724630	1	28	132724361	132724654	chr12	132726997	1	76	132726691	132727394
HWI-7001432L:213:C9FT8ANXX:1:1101:10004:2138#2/3	chr12	132724630	1	28	132724361	132724654	chr12	132727397	0	48	132727394	132727779
HWI-7001432L:213:C9FT8ANXX:1:1101:11708:2092	chr13	18703953	0	76	18703868	18704363	chr13	19218878	1	37	19218538	19218911
HWI-7001432L:213:C9FT8ANXX:1:1101:16407:2147	chr13	35438581	1	39	35438074	35438616	chr13	83481532	0	76	83481455	83482279
HWI-7001432L:213:C9FT8ANXX:1:1101:7082:2169#2/3	chr13	41828092	0	32	41828061	41829074	chr13	42188189	1	76	42187719	42188572
HWI-7001432L:213:C9FT8ANXX:1:1101:7082:2169#1/3	chr13	41828092	0	32	41828061	41829074	chr13	42188575	0	44	42188572	42188986
HWI-7001432L:213:C9FT8ANXX:1:1101:13442:1948	chr13	56004565	0	76	56004468	56004850	chr13	56010185	0	75	56010089	56010323
HWI-7001432L:213:C9FT8ANXX:1:1101:8967:2042	chr13	62400805	0	68	62400802	62400879	chr13	62503084	0	76	62502906	62503352
HWI-7001432L:213:C9FT8ANXX:1:1101:2957:2226#3/3	chr13	64718535	1	29	64718345	64718560	chr13	65721235	1	76	65720920	65721650
HWI-7001432L:213:C9FT8ANXX:1:1101:2957:2226#1/3	chr13	64718535	1	29	64718345	64718560	chr13	65721653	0	47	65721650	65722302
HWI-7001432L:213:C9FT8ANXX:1:1101:6733:2064	chr13	76233791	0	76	76233788	76233869	chr13	91401068	1	76	91400624	91401157
HWI-7001432L:213:C9FT8ANXX:1:1101:5939:2050	chr13	76252494	1	76	76252271	76252644	chr13	79364539	1	58	79364217	79364593
HWI-7001432L:213:C9FT8ANXX:1:1101:6576:2023	chr13	86403345	0	76	86403210	86403732	chr13	86813939	1	76	86813547	86814037
HWI-7001432L:213:C9FT8ANXX:1:1101:14153:2112#1/3	chr13	87116074	1	33	87115877	87116103	chr13	87159352	1	76	87159085	87159513
HWI-7001432L:213:C9FT8ANXX:1:1101:14153:2112#3/3	chr13	87116074	1	33	87115877	87116103	chr13	87159516	0	43	87159513	87159663
HWI-7001432L:213:C9FT8ANXX:1:1101:9579:2224	chr13	89036297	1	76	89036117	89036429	chr13	99450313	0	76	99450221	99450913
HWI-7001432L:213:C9FT8ANXX:1:1101:16455:1991	chr13	94562302	0	67	94562236	94562745	chr13	95262336	1	76	95262055	95262404
HWI-7001432L:213:C9FT8ANXX:1:1101:7902:2002	chr13	100140467	1	76	100139997	100140582	chr21	42692176	0	76	42692044	42693362
HWI-7001432L:213:C9FT8ANXX:1:1101:7741:2158	chr13	107304905	0	76	107304716	107306054	chr13	107308527	0	76	107308440	107309004
HWI-7001432L:213:C9FT8ANXX:1:1101:14397:2023	chr13	108692352	0	76	108692228	108692916	chr13	108829632	1	69	108828579	108829697
HWI-7001432L:213:C9FT8ANXX:1:1101:3130:2023	chr13	110974931	0	33	110974899	110975160	chr13	111239806	0	76	111239694	111240675
HWI-7001432L:213:C9FT8ANXX:1:1101:9191:1963	chr14	21537282	1	76	21536366	21537364	chr21	40962924	0	75	40962835	40964803
HWI-7001432L:213:C9FT8ANXX:1:1101:7943:2248#3/3	chr14	22050769	1	76	22050710	22050787	chr14	33590731	1	54	33589607	33590781
HWI-7001432L:213:C9FT8ANXX:1:1101:7943:2248~2~#2/3	chr14	22051085	0	22	22051082	22051509	chr14	33590731	1	54	33589607	33590781
HWI-7001432L:213:C9FT8ANXX:1:1101:2557:1982	chr14	32680241	1	75	32678742	32680534	chr14	32685366	1	76	32685032	32685501
HWI-7001432L:213:C9FT8ANXX:1:1101:1260:2026	chr14	32695363	0	76	32695257	32695440	chr14	33025809	0	76	33025695	33026616
HWI-7001432L:213:C9FT8ANXX:1:1101:9795:2082	chr14	32705691	0	76	32705589	32706509	chr14	33613467	0	76	33613329	33613798
HWI-7001432L:213:C9FT8ANXX:1:1101:18226:1965	chr14	37162405	0	76	37162272	37162745	chr14	37616734	0	75	37616648	37617669
HWI-7001432L:213:C9FT8ANXX:1:1101:4125:1946	chr14	37523181	1	76	37523090	37523343	chr14	38307164	1	75	38306964	38307319
HWI-7001432L:213:C9FT8ANXX:1:1101:4128:2195	chr14	46448116	1	76	46446471	46448276	chr14	46450399	0	76	46450284	46450482
HWI-7001432L:213:C9FT8ANXX:1:1101:18689:1917	chr14	48292941	1	76	48292937	48293156	chr14	49411813	1	22	49411532	49411832
HWI-7001432L:213:C9FT8ANXX:1:1101:11835:1999	chr14	55807800	0	76	55807719	55808257	chr18	25826129	1	76	25826042	25826427
HWI-7001432L:213:C9FT8ANXX:1:1101:11760:2114	chr14	63847906	0	76	63847824	63848125	chr14	74404581	1	76	74404581	74404764
HWI-7001432L:213:C9FT8ANXX:1:1101:3315:2124	chr14	75132570	0	47	75132524	75133518	chr14	75134301	0	76	75134143	75134567
HWI-7001432L:213:C9FT8ANXX:1:1101:8628:1921	chr14	79410136	1	76	79409042	79410233	chr14	79508597	0	75	79508453	79508630
HWI-7001432L:213:C9FT8ANXX:1:1101:6559:2176	chr14	89300106	1	64	89299855	89300166	chr14	90260118	0	76	90259860	90260508
HWI-7001432L:213:C9FT8ANXX:1:1101:16559:1981	chr14	90080216	0	76	90080091	90080407	chr14	90480180	1	42	90480118	90480219
HWI-7001432L:213:C9FT8ANXX:1:1101:10959:1962	chr14	90210557	0	45	90210554	90210635	chrX	41491122	0	75	41491017	41491954
HWI-7001432L:213:C9FT8ANXX:1:1101:6177:2207	chr14	91114944	1	76	91114819	91115062	chr22	46783566	0	76	46783384	46784109
HWI-7001432L:213:C9FT8ANXX:1:1101:8054:2189	chr14	104643198	1	76	104643198	104643338	chr14	104655932	0	54	104655878	104657012
HWI-7001432L:213:C9FT8ANXX:1:1101:10552:2024~2~	chr15	22767793	0	62	22767790	22767796	chr15	28842060	1	61	28842060	28842247
HWI-7001432L:213:C9FT8ANXX:1:1101:2156:2071~2~#1/3	chr15	26677330	1	52	26677330	26677571	chr15	49958978	0	24	49958955	49959050
HWI-7001432L:213:C9FT8ANXX:1:1101:2156:2071#2/3	chr15	26677576	0	76	26677571	26677689	chr15	49958978	0	24	49958955	49959050
HWI-7001432L:213:C9FT8ANXX:1:1101:6576:2156	chr15	32093963	0	76	32093696	32094025	chr15	32145303	0	31	32145273	32145665
HWI-7001432L:213:C9FT8ANXX:1:1101:14253:2021	chr15	34804161	0	76	34803957	34804458	chr15	34804484	0	23	34804458	34804902
HWI-7001432L:213:C9FT8ANXX:1:1101:14486:1935	chr15	36000028	0	75	35999885	36000857	chr15	36003218	1	37	36002670	36003816
HWI-7001432L:213:C9FT8ANXX:1:1101:11469:2230	chr15	39122407	0	76	39122006	39122835	chr15	39146147	1	36	39145617	39146179
HWI-7001432L:213:C9FT8ANXX:1:1101:3741:2185	chr15	40505673	1	76	40505673	40505797	chr15	64166324	0	76	64166234	64168156
HWI-7001432L:213:C9FT8ANXX:1:1101:15473:1971	chr15	43312909	1	75	43312720	43313096	chr15	43316118	1	76	43316118	43316358
HWI-7001432L:213:C9FT8ANXX:1:1101:14178:1952	chr15	44962001	0	64	44961938	44962245	chr15	45161593	1	76	45161370	45161802
HWI-7001432L:213:C9FT8ANXX:1:1101:13587:1999	chr15	47691320	0	76	47691158	47691352	chr17	61367873	1	76	61367427	61367997
HWI-7001432L:213:C9FT8ANXX:1:1101:9472:2085	chr15	69324519	0	61	69324459	69325137	chr15	69328488	0	76	69328399	69328774
HWI-7001432L:213:C9FT8ANXX:1:1101:3542:2196	chr15	73919739	0	76	73919503	73919908	chr15	74406243	1	76	74405737	74406328
HWI-7001432L:213:C9FT8ANXX:1:1101:10694:2148	chr15	76925098	1	76	76924716	76925617	chr15	76925620	0	56	76925617	76925627
HWI-7001432L:213:C9FT8ANXX:1:1101:15509:1958	chr15	79899545	1	76	79899054	79899713	chr15	79915190	0	39	79915152	79915697
HWI-7001432L:213:C9FT8ANXX:1:1101:15992:1920#2/3	chr15	80194438	0	76	80194435	80194648	chr15	98704464	1	39	98703849	98704499
HWI-7001432L:213:C9FT8ANXX:1:1101:15992:1920#1/3	chr15	80194438	0	76	80194435	80194648	chr15	98724476	1	36	98724476	98724802
HWI-7001432L:213:C9FT8ANXX:1:1101:3784:2007	chr15	90055644	1	76	90054749	90055891	chr15	90231354	1	76	90231020	90231423
HWI-7001432L:213:C9FT8ANXX:1:1101:15992:1920#3/3	chr15	98704464	1	39	98703849	98704499	chr15	98724476	1	36	98724476	98724802
HWI-7001432L:213:C9FT8ANXX:1:1101:10324:1969#2/3	chr16	8681171	1	54	8681045	8681221	chr16	9014235	1	75	9014148	9014393
HWI-7001432L:213:C9FT8ANXX:1:1101:10324:1969#3/3	chr16	8681171	1	54	8681045	8681221	chr16	9014396	0	22	9014393	9015163
HWI-7001432L:213:C9FT8ANXX:1:1101:12066:1919	chr16	8704083	0	75	8703954	8704277	chr19	495917	1	76	495910	496084
HWI-7001432L:213:C9FT8ANXX:1:1101:7941:2059	chr16	8838936	1	76	8838684	8839285	chr16	33598596	1	76	33598575	33598749
HWI-7001432L:213:C9FT8ANXX:1:1101:16133:2239	chr16	12469353	0	76	12469127	12469543	chr16	13881461	0	76	13881263	13882531
HWI-7001432L:213:C9FT8ANXX:1:1101:1507:2148	chr16	20903746	1	41	20903027	20903787	chr16	22688174	1	76	22687947	22688386
HWI-7001432L:213:C9FT8ANXX:1:1101:15636:1923	chr16	29964368	0	75	29964274	29964434	chr16	29966200	0	76	29966108	29966591
HWI-7001432L:213:C9FT8ANXX:1:1101:20739:1973	chr16	33565906	0	75	33565855	33566080	chr16	33571130	0	76	33571027	33571818
HWI-7001432L:213:C9FT8ANXX:1:1101:14241:2236	chr16	46388614	1	69	46388093	46388679	chr16	46400622	1	76	46400138	46400724
HWI-7001432L:213:C9FT8ANXX:1:1101:15818:1948	chr16	54699103	0	75	54698809	54699144	chr16	57249919	1	76	57249203	57250014
HWI-7001432L:213:C9FT8ANXX:1:1101:7429:1943	chr16	58193711	0	76	58193589	58193972	chr16	86210313	1	75	86209221	86210489
HWI-7001432L:213:C9FT8ANXX:1:1101:16938:2162	chr16	61242255	0	76	61242090	61243592	chr16	63520419	1	76	63520323	63520581
HWI-7001432L:213:C9FT8ANXX:1:1101:4802:2146	chr16	70139910	0	76	70139661	70140595	chr16	70141133	1	76	70140997	70141268
HWI-7001432L:213:C9FT8ANXX:1:1101:5117:1917#2/3	chr16	71592443	1	76	71592224	71592596	chr16	71607058	1	35	71606764	71607089
HWI-7001432L:213:C9FT8ANXX:1:1101:5117:1917~2~#3/3	chr16	71592599	0	40	71592596	71593192	chr16	71607058	1	35	71606764	71607089
HWI-7001432L:213:C9FT8ANXX:1:1101:5802:2132	chr16	80678901	0	76	80678716	80679565	chr16	82101297	1	76	82101297	82101459
HWI-7001432L:213:C9FT8ANXX:1:1101:2683:2188	chr16	86856526	1	76	86856525	86856621	chr16	87177211	1	76	87177122	87177274
HWI-7001432L:213:C9FT8ANXX:1:1101:5697:2084	chr16	87697266	0	30	87697237	87697429	chr20	35775198	0	76	35774953	35775213
HWI-7001432L:213:C9FT8ANXX:1:1101:9656:2119	chr17	4200808	0	76	4200711	4201270	chr17	4205874	0	76	4205693	4206180
HWI-7001432L:213:C9FT8ANXX:1:1101:11375:2125	chr17	5602986	1	76	5602895	5603067	chr17	5694273	1	59	5694020	5694328
HWI-7001432L:213:C9FT8ANXX:1:1101:2952:1930	chr17	10085065	1	75	10084705	10085336	chr17	10090044	1	76	10089112	10090120
HWI-7001432L:213:C9FT8ANXX:1:1101:4257:2233	chr17	11848135	0	76	11847888	11848382	chr17	11883102	0	42	11883061	11883589
HWI-7001432L:213:C9FT8ANXX:1:1101:13983:2010	chr17	13073397	0	76	13073075	13073934	chr21	37457924	0	32	37457893	37458449
HWI-7001432L:213:C9FT8ANXX:1:1101:1614:2186#3/3	chr17	28789590	1	54	28789431	28789640	chr17	42385701	0	22	42385698	42386385
HWI-7001432L:213:C9FT8ANXX:1:1101:1614:2186#1/3	chr17	28789590	1	54	28789431	28789640	chr17	42387352	1	44	42386666	42387392
HWI-7001432L:213:C9FT8ANXX:1:1101:15365:2167	chr17	37737431	1	76	37736267	37737603	chr17	37809725	0	76	37809606	37809756
HWI-7001432L:213:C9FT8ANXX:1:1101:16949:2140	chr17	42101438	0	76	42101257	42101857	chr17	44075037	0	76	44074702	44075141
HWI-7001432L:213:C9FT8ANXX:1:1101:1614:2186~2~#2/3	chr17	42385701	0	22	42385698	42386385	chr17	42387352	1	44	42386666	42387392
HWI-7001432L:213:C9FT8ANXX:1:1101:11418:2104	chr17	47160655	1	76	47160464	47160724	chrX	154554765	0	76	154554707	154554869
HWI-7001432L:213:C9FT8ANXX:1:1101:15992:2179	chr17	47506814	1	76	47506814	47506910	chr17	47523844	0	76	47523661	47524082
HWI-7001432L:213:C9FT8ANXX:1:1101:10697:2235	chr17	49667083	0	76	49666955	49667129	chr17	56931702	0	76	56931609	56933108
HWI-7001432L:213:C9FT8ANXX:1:1101:6839:1986	chr17	55004698	0	75	55004612	55005193	chr17	55739898	1	76	55739600	55740039
HWI-7001432L:213:C9FT8ANXX:1:1101:6572:2191	chr17	57239778	0	76	57239775	57240168	chr17	57436230	1	76	57435543	57436233
HWI-7001432L:213:C9FT8ANXX:1:1101:2856:2114	chr17	65150308	1	76	65149942	65150398	chr17	71003295	0	61	71003235	71003451
HWI-7001432L:213:C9FT8ANXX:1:1101:17715:1928	chr17	67332732	1	75	67332637	67332810	chr17	67451702	1	76	67451702	67451874
HWI-7001432L:213:C9FT8ANXX:1:1101:9219:2066	chr17	78710510	0	76	78710407	78711039	chr20	50754311	1	76	50754215	50754391
HWI-7001432L:213:C9FT8ANXX:1:1101:6541:2132	chr18	921667	1	76	921646	921750	chr18	1000233	0	76	1000212	1000271
HWI-7001432L:213:C9FT8ANXX:1:1101:5090:2090	chr18	12778693	1	76	12778598	12778775	chr18	12782672	0	76	12782577	12783385
HWI-7001432L:213:C9FT8ANXX:1:1101:8539:2180	chr18	24336793	0	76	24336698	24337007	chr18	30459196	1	76	30457937	30459288
HWI-7001432L:213:C9FT8ANXX:1:1101:5978:1908	chr18	24795679	0	76	24795516	24796072	chr18	26998347	0	75	26998307	26998502
HWI-7001432L:213:C9FT8ANXX:1:1101:2457:2111	chr18	34420131	0	68	34420064	34420475	chr18	62074659	1	76	62074007	62075136
HWI-7001432L:213:C9FT8ANXX:1:1101:1451:1928#2/3	chr18	37559494	1	76	37559218	37559608	chr18	39462880	0	24	39462857	39464244
HWI-7001432L:213:C9FT8ANXX:1:1101:1451:1928~2~#1/3	chr18	37559611	0	51	37559608	37559826	chr18	39462880	0	24	39462857	39464244
HWI-7001432L:213:C9FT8ANXX:1:1101:2380:1966	chr18	42551194	1	65	42549628	42551255	chr18	42567261	1	75	42566240	42567349
HWI-7001432L:213:C9FT8ANXX:1:1101:7126:2023	chr18	56033249	0	76	56033162	56033490	chr18	56061874	0	76	56061790	56062604
HWI-7001432L:213:C9FT8ANXX:1:1101:8128:2248#2/3	chr18	59484506	0	60	59484447	59484594	chr18	60251299	1	76	60250056	60251454
HWI-7001432L:213:C9FT8ANXX:1:1101:8128:2248#3/3	chr18	59484506	0	60	59484447	59484594	chr18	60251457	0	16	60251454	60251760
HWI-7001432L:213:C9FT8ANXX:1:1101:10532:1933	chr18	66065574	1	75	66064579	66065642	chr18	69120859	0	76	69120503	69120991
HWI-7001432L:213:C9FT8ANXX:1:1101:11375:2243	chr18	71134469	0	76	71134401	71134914	chr18	71135997	1	76	71135422	71136234
HWI-7001432L:213:C9FT8ANXX:1:1101:16748:1947	chr18	74757240	0	53	74757187	74757577	chr20	13783253	0	76	13783053	13783393
HWI-7001432L:213:C9FT8ANXX:1:1101:12995:2084	chr19	2106804	1	76	2106325	2107040	chr19	2795062	1	76	2795062	2795198
HWI-7001432L:213:C9FT8ANXX:1:1101:20472:1990	chr19	6937787	0	75	6937612	6938713	chr19	6947958	1	76	6947824	6948072
HWI-7001432L:213:C9FT8ANXX:1:1101:10774:1916	chr19	20954072	0	76	20953935	20954783	chr19	21972607	1	65	21970232	21972668
HWI-7001432L:213:C9FT8ANXX:1:1101:2480:1981#3/3	chr19	28370378	1	52	28369858	28370426	chrX	50910270	1	76	50909902	50910412
HWI-7001432L:213:C9FT8ANXX:1:1101:2480:1981#1/3	chr19	28370378	1	52	28369858	28370426	chrX	50910415	0	23	50910412	50910621
HWI-7001432L:213:C9FT8ANXX:1:1101:10060:2153	chr19	35834065	0	76	35833940	35834590	chr21	34964115	1	76	34963907	34964281
HWI-7001432L:213:C9FT8ANXX:1:1101:14186:2004	chr19	36396028	0	76	36395869	36396144	chr19	36400272	0	76	36400179	36400401
HWI-7001432L:213:C9FT8ANXX:1:1101:3555:2001~2~#1/3	chr19	41001149	1	30	41001149	41001336	chr19	41545948	1	46	41545723	41545990
HWI-7001432L:213:C9FT8ANXX:1:1101:9647:1986#2/3	chr19	41390837	0	34	41390804	41390981	chr19	41485535	1	75	41484520	41485758
HWI-7001432L:213:C9FT8ANXX:1:1101:9647:1986#3/3	chr19	41390837	0	34	41390804	41390981	chr19	41485761	0	42	41485758	41485931
HWI-7001432L:213:C9FT8ANXX:1:1101:2990:2162~2~	chr19	49226651	1	27	49226643	49226675	chr19	55087478	1	76	55086950	55087695
HWI-7001432L:213:C9FT8ANXX:1:1101:8233:2205	chr19	56497947	1	76	56497947	56498088	chr19	56776983	0	53	56776927	56777534
HWI-7001432L:213:C9FT8ANXX:1:1101:4034:2082	chr20	217509	1	76	216963	217596	chr20	224077	0	76	223979	224597
HWI-7001432L:213:C9FT8ANXX:1:1101:8280:1988	chr20	4591431	0	76	4591095	4591753	chr20	4713864	1	75	4713617	4713928
HWI-7001432L:213:C9FT8ANXX:1:1101:15508:2054	chr20	11179593	0	76	11179487	11179911	chr20	11186264	0	76	11186118	11187335
HWI-7001432L:213:C9FT8ANXX:1:1101:15231:2194~2~#1/3	chr20	13074222	1	43	13074214	13074570	chr20	13689643	0	25	13689615	13689756
HWI-7001432L:213:C9FT8ANXX:1:1101:15231:2194#2/3	chr20	13074577	0	76	13074570	13074715	chr20	13689643	0	25	13689615	13689756
HWI-7001432L:213:C9FT8ANXX:1:1101:14913:1991#2/3	chr20	20613257	1	76	20613009	20613341	chr20	23423245	1	48	23422217	23423289
HWI-7001432L:213:C9FT8ANXX:1:1101:14913:1991~2~#1/3	chr20	20613344	0	28	20613341	20614755	chr20	23423245	1	48	23422217	23423289
HWI-7001432L:213:C9FT8ANXX:1:1101:16818:2177#3/3	chr20	31913000	0	59	31912942	31913111	chr20	32696152	1	17	32696152	32696273
HWI-7001432L:213:C9FT8ANXX:1:1101:16818:2177#1/3	chr20	31913000	0	59	31912942	31913111	chr20	32696276	0	76	32696273	32696449
HWI-7001432L:213:C9FT8ANXX:1:1101:2767:2180	chr20	42694479	0	76	42694276	42694916	chr20	42908403	1	76	42907762	42908524
HWI-7001432L:213:C9FT8ANXX:1:1101:13247:2132	chr20	44743295	1	76	44742891	44743444	chr20	44758467	1	76	44757976	44758590
HWI-7001432L:213:C9FT8ANXX:1:1101:10430:2144	chr20	50472252	1	76	50471741	50472378	chr20	50500491	0	46	50500442	50500974
HWI-7001432L:213:C9FT8ANXX:1:1101:15089:2162	chr20	54340696	0	76	54340693	54340828	chr20	55382249	1	76	55382080	55382424
HWI-7001432L:213:C9FT8ANXX:1:1101:8432:2098	chr20	57806931	0	76	57806719	57807172	chr20	57867986	0	76	57867844	57868509
HWI-7001432L:213:C9FT8ANXX:1:1101:5009:1909#1/3	chr20	61505223	1	76	61504806	61505462	chr20	61509313	1	49	61507866	61509358
HWI-7001432L:213:C9FT8ANXX:1:1101:5009:1909~2~#2/3	chr20	61505465	0	26	61505462	61506430	chr20	61509313	1	49	61507866	61509358
HWI-7001432L:213:C9FT8ANXX:1:1101:8061:2001	chr20	63011927	0	76	63011752	63012344	chr20	63306149	0	76	63306024	63306541
HWI-7001432L:213:C9FT8ANXX:1:1101:19673:1935	chr21	9733302	1	36	9732590	9733334	chr21	9737116	0	75	9736668	9737867
HWI-7001432L:213:C9FT8ANXX:1:1101:6417:2220	chr21	10134453	1	76	10133927	10134778	chr21	29726193	0	67	29726127	29726993
HWI-7001432L:213:C9FT8ANXX:1:1101:12096:2155	chr21	17653058	0	76	17652745	17653643	chr21	18266094	1	43	18266076	18266133
HWI-7001432L:213:C9FT8ANXX:1:1101:12449:2143~2~#1/3	chr22	17070959	1	31	17070959	17071419	chr22	17128279	1	45	17128131	17128320
HWI-7001432L:213:C9FT8ANXX:1:1101:12449:2143#2/3	chr22	17071422	0	76	17071419	17071790	chr22	17128279	1	45	17128131	17128320
HWI-7001432L:213:C9FT8ANXX:1:1101:5601:2028	chr22	22899160	1	76	22898906	22899393	chr22	23146607	0	76	23146514	23147315
HWI-7001432L:213:C9FT8ANXX:1:1101:15118:2239	chr22	28083501	0	76	28083386	28083931	chr22	28088139	1	76	28087315	28088320
HWI-7001432L:213:C9FT8ANXX:1:1101:7048:2122	chr22	30062941	0	76	30062938	30063116	chr22	30080833	1	76	30079950	30080931
HWI-7001432L:213:C9FT8ANXX:1:1101:8410:2086#1/3	chr22	31569163	1	43	31568870	31569202	chr22	32495127	1	76	32494444	32495288
HWI-7001432L:213:C9FT8ANXX:1:1101:8410:2086#2/3	chr22	31569163	1	43	31568870	31569202	chr22	32498408	1	33	32498408	32498606
HWI-7001432L:213:C9FT8ANXX:1:1101:8410:2086#3/3	chr22	32495127	1	76	32494444	32495288	chr22	32498408	1	33	32498408	32498606
HWI-7001432L:213:C9FT8ANXX:1:1101:12242:2094	chr22	33855907	1	68	33855469	33855971	chrX	22067387	0	76	22067193	22067703
HWI-7001432L:213:C9FT8ANXX:1:1101:14795:2139~2~#2/3	chrX	22022150	0	34	22022147	22022425	chrX	22049855	0	42	22049814	22050354
HWI-7001432L:213:C9FT8ANXX:1:1101:14795:2139~2~#1/3	chrX	22022150	0	34	22022147	22022425	chrX	22257964	1	76	22257724	22258059
HWI-7001432L:213:C9FT8ANXX:1:1101:14795:2139#3/3	chrX	22049855	0	42	22049814	22050354	chrX	22257964	1	76	22257724	22258059
HWI-7001432L:213:C9FT8ANXX:1:1101:9811:2246~2~	chrX	24427697	0	55	24427442	24427702	chrX	26100252	1	76	26099687	26100381
HWI-7001432L:213:C9FT8ANXX:1:1101:16807:2097	chrX	25672394	1	76	25671805	25672484	chrX	31514455	1	76	31514372	31514668
HWI-7001432L:213:C9FT8ANXX:1:1101:15060:1937	chrX	31889796	1	37	31889363	31889829	chrX	31934850	0	75	31934745	31936100
HWI-7001432L:213:C9FT8ANXX:1:1101:9125:1999	chrX	33591460	0	67	33591394	33591734	chrX	76950928	0	76	76950785	76951040
HWI-7001432L:213:C9FT8ANXX:1:1101:9886:2216	chrX	39871658	0	76	39871586	39871989	chrX	46945957	1	76	46945171	46946083
HWI-7001432L:213:C9FT8ANXX:1:1101:7948:2186~2~#2/3	chrX	46201313	1	47	46201313	46201460	chrX	46204026	0	29	46203998	46204399
HWI-7001432L:213:C9FT8ANXX:1:1101:7948:2186#1/3	chrX	46201463	0	76	46201460	46201800	chrX	46204026	0	29	46203998	46204399
HWI-7001432L:213:C9FT8ANXX:1:1101:3436:1941#3/3	chrX	65798693	0	33	65798661	65798729	chrX	66112295	1	75	66112048	66112530
HWI-7001432L:213:C9FT8ANXX:1:1101:3436:1941#1/3	chrX	65798693	0	33	65798661	65798729	chrX	66112533	0	43	66112530	66113401
HWI-7001432L:213:C9FT8ANXX:1:1101:8716:2139	chrX	70194012	1	76	70193744	70194201	chrX	71337708	1	26	71337430	71337734
HWI-7001432L:213:C9FT8ANXX:1:1101:13129:2033	chrX	83389884	1	76	83389807	83390088	chrX	83392031	0	76	83391958	83392757
HWI-7001432L:213:C9FT8ANXX:1:1101:11523:2184	chrX	106451528	1	76	106451272	106451751	chrX	106652111	1	76	106651754	106652224
HWI-7001432L:213:C9FT8ANXX:1:1101:10090:2161	chrX	126496913	1	76	126496531	126497063	chrX	126560030	0	76	126559927	126560103
HWI-7001432L:213:C9FT8ANXX:1:1101:11959:2131	chrX	128851833	1	61	128851028	128851890	chrX	128866489	0	76	128866252	128866654
